Date/Time,Tweets,Account
10/11/16 7:52,"Vice Mayor Paolo Duterte, kumasa sa hamon ni Sen. Trillanes na magpa-drug test http://bit.ly/2dtCVkS ",@stateofdnation
10/11/16 7:52,"Justice Carpio, binigyang diin ang kalahagahan ng West PHL Sea http://bit.ly/2dtBQtb ",@stateofdnation
10/11/16 7:52,"Pres. Duterte, hindi na raw isasapubliko ang ikatlo niyang drug list http://bit.ly/2dtCV4m ",@stateofdnation
10/11/16 7:52,Pres. Duterte kay Agot Isidro: I leave her to her constitutional right http://bit.ly/2dtCmr4 ,@stateofdnation
10/11/16 7:52,"Sen. de Lima, sinampahan ng reklamo kaugnay ng umano'y Bilibid Drug Trade http://bit.ly/2dtEfUE ",@stateofdnation
10/11/16 6:13,"Pakiusap naman ang Department of Tourism, 'wag haluan ng politika ang isyu. May report si @saleema_refran.",@stateofdnation
10/11/16 6:12,Isang grupo ang nagpetisyon para pigilan ang pagho-host ng Pilipinas sa Miss Universe pageant.,@stateofdnation
10/11/16 6:12,Arestado ang Hollywood actress na si @shailenewoodley matapos makiisa sa protesta ng ilang native american sa North Dakota sa Amerika.,@stateofdnation
10/11/16 6:11,"Sa World Day against the Death Penalty, kinondena ni U.N. Sec Gen Ban Ki Moon ang mga bansang nagpapatupad pa rin ng parusang kamatayan.",@stateofdnation
10/11/16 6:10,Inanunsyo ng Samsung na hindi na sila magbebenta ng kanilang mobile device na Galaxy Note 7 kasunod ng ilang ulat ng pagsabog daw nito.,@stateofdnation
10/11/16 6:04,"Mas mataas ang bilang ng kaso ng dengue ngayong taon kaysa sa 1,500 cases lang noong 2015.",@stateofdnation
10/11/16 6:02,"Sa record ng provincial health office, aabot na sa 5,000 ang dengue cases sa Cebu ngayong taon.",@stateofdnation
10/11/16 6:01,Nagdeklara na ng dengue outbreak sa Cebu kasunod ng pagdami ng mga kaso ng nagkaka-dengue roon.,@stateofdnation
10/11/16 6:01,"Kaya mabuhay ng Pilipinas kahit walang tulong galing sa Amerika, ayon kay DND Sec. Lorenzana.",@stateofdnation
10/11/16 5:57,"Independent foreign policy, ito raw ang isinusulong ng administrasyon sabi ng MalacaÃ±ang.",@stateofdnation
10/11/16 5:54,Inilipat na sa Pampanga Provincial Jail ang aktor na si Mark Anthony Fernandez.,@stateofdnation
10/11/16 5:49,Kinumpirma ng inmate na si Vicente Sy sa pagdinig ng Kamara ang prostitusyon sa loob ng New Bilibid Prison.,@stateofdnation
10/11/16 5:45,Mala-sin city sa Las Vegas. Ganito inilarawan ng tumestigong talent manager ng inmate na si Herbert Colango ang nangyayari sa Bilibid,@stateofdnation
10/11/16 5:32,"Posibleng bago magtapos ang buwan, bawal na ang paninigarilyo sa mga pampublikong lugar sa buong Pilipinas. May report si @MarkSalazarGMA7.",@stateofdnation
10/11/16 5:21,Natagpuan sa dalawang bayan sa Pampanga ang apat na bangkay ng mga hinihinalang foreigner. May report si @susan_enriquez.,@stateofdnation
10/11/16 5:22,"Tatlong bangkay ang natagpuan sa Bacolor, habang isa ang natagpuan sa highway sa San Fernando, sa Pampanga.",@stateofdnation
10/11/16 5:24,"Ang tatlong bangkay na natagpuan sa Bacolor, Pampanga ay wala pang pagkakakilanlan at patuloy na inaalam ng pulisya ang motibo sa pagpatay.",@stateofdnation
10/11/16 5:21,"Nito lamang Abril, halos 1,000 lider mula sa iba't ibang bansa ang umapela sa UN para magkaroon ng reporma sa paglaban sa ilegal na droga.",@stateofdnation
10/11/16 5:20,"Noong 2003, halos 3,000 ang napatay sa war on drugs ng Thailand sa loob lamang ng tatlong buwan.",@stateofdnation
10/11/16 5:19,"Sa kabila ng deka-dekada nang kampanya kontra droga sa ilang bansa, hindi pa rin tuluyang nasusugpo ang problema. | @sandraguinaldo",@stateofdnation
10/11/16 5:18,"Bukod sa Pilipinas, problema rin sa maraming bansa ang ilegal na droga.",@stateofdnation
10/11/16 5:11,Posibleng ihain ni Sen. Leila de Lima sa susunod na linggo ang petisyon para sa writ of amparo at writ of habeas data sa Supreme Court.,@stateofdnation
10/11/16 5:08,Dudulog daw sa SC si De Lima para kasuhan ang mga nanggigipit diumano sa kanya kabilang na si Pangulong Duterte. May report si @jamsisante.,@stateofdnation
10/11/16 5:05,Sinampahan ng reklamo sina Senator Leila de Lima at pitong iba pang diumano'y kasabwat sa illegal drug trade sa Bilibid. | @LiaManalac,@stateofdnation
10/10/16 8:11,"Pang. Duterte, bumisita at nag-abot ng tulong sa Basilan at Zamboanga City http://bit.ly/2dqUh1L ",@stateofdnation
10/10/16 8:10,"China, mag-aangkat na muli sa Pilipinas http://bit.ly/2dqU8eC ",@stateofdnation
10/10/16 8:10,"Kahandaan ng mga sundalo sa pagtugon sa ground threat, nasubok sa PHIBLEX training http://bit.ly/2dqT5vr ",@stateofdnation
10/10/16 8:10,"Mark Anthony Fernandez, nararanasan ang buhay ng ordinaryong preso sa Angeles District Jail http://bit.ly/2dqTkGP ",@stateofdnation
10/10/16 8:10,"Presyo ng ilang produktong petrolyo, magtataas bukas http://bit.ly/2dqTXQF ",@stateofdnation
10/10/16 8:10,"Window hours sa mga sakop ng coding sa EDSA at C5, tatanggalin mula Oct. 17 - Jan. 31, 2017 http://bit.ly/2dqVlT6 ",@stateofdnation
10/10/16 8:10,"Social at economic reforms, mainit na tinalakay sa second round ng GPH-NDFP peace talks http://bit.ly/2dqTNbY ",@stateofdnation
10/10/16 8:10,"Facebook post ni Agot Isidro laban kay Pangulong Duterte, umani ng mainit na usapin sa social media http://bit.ly/2dqUcet ",@stateofdnation
10/10/16 8:10,"Dating Pang. Ramos, dismayado sa unang 100 araw ng Administrasyong Duterte http://bit.ly/2dqTSMB ",@stateofdnation
10/10/16 8:10,"Sen. de Lima, iginiit na pinuwersa lang si Jaybee Sebastian na tumestigo laban sa kanya http://bit.ly/2dqTYnH ",@stateofdnation
10/10/16 6:15,Mainit at puno ng birada ang paghaharap nina @HillaryClinton at @realDonaldTrump sa ikalawang U.S. presidential debates.,@stateofdnation
10/10/16 6:14,Bahagi ang pagbisita ni Pangulong Duterte ng plano ng administrasyon na mas palawigin pa ang kalakalan sa pagitan ng Pilipinas at China.,@stateofdnation
10/10/16 6:14,Bibisita si Pangulong Rodrigo Duterte sa China mula October 19 hanggang 21.,@stateofdnation
10/10/16 6:13,"Magaangkat na muli ang China ng mga prutas mula sa Pilipinas, ayon kay Agriculture Sec. Emmanuel PiÃ±ol.",@stateofdnation
10/10/16 6:14,"Mag-aangkat din daw ang China ng mga prutas tulad ng mangga at dragonfruit, pati na coconut products, at ilang seafood.",@stateofdnation
10/10/16 6:07,Bukas na ang closing ceremony ng PHIBLEX sa Fort Bonifacio na mapapaaga ng isang araw.,@stateofdnation
10/10/16 6:06,"Sa huling araw ng training, nasubok ang kahandaan ng mga sundalo sa pagtugon sa ground threat. May report si @BamAlegre_.",@stateofdnation
10/10/16 6:01,Kabilang ngayon si Mark Anthony Fernandez sa mahigit 100 presong nagsisiksikan sa kulungang pang-20 tao lang.,@stateofdnation
10/10/16 6:01,Nagpasalamat naman ang ina ni Mark Anthony na si Alma Moreno sa mga patuloy na sumusuporta sa kanyang anak. May report si @AthenaImperial_.,@stateofdnation
10/10/16 6:03,"Kabilang si Mark Anthony sa mga inmates na nagsisiksikan sa selda na patunay daw na walang special treatment sa kanya, ayon sa BJMP.",@stateofdnation
10/10/16 5:56,P1.55 din ang dagdag-presyo sa kada litro ng kerosene ng Seaoil at Flying V. Wala pang abiso ang ibang kumpanya ng langis.,@stateofdnation
10/10/16 5:56,Tataas naman nang â‚±0.85 ang kada litro ng gasolina.,@stateofdnation
10/10/16 5:55,"P1.55 kada litro ang itataas sa presyo ng diesel ng Seaoil, Unioil, PTT Philippines at Phoenix Petroleum, simula alas-6 ng umaga bukas.",@stateofdnation
10/7/16 8:38,"Bumabang chairman ng NDF panel na si Luis Jalandoni, binigyang-pugay http://bit.ly/2dkoFuO ",@stateofdnation
10/7/16 8:38,"Mark Anthony Fernandez, nananatiling nakakulong sa Angeles City Police Station 6 http://bit.ly/2dkpFyI ",@stateofdnation
10/7/16 8:38,"Edgar Matobato, sumuko sa PNP dahil sa arrest warrant laban sa kanya http://bit.ly/2dkoi38 ",@stateofdnation
10/7/16 8:02,"Pagpasok ni Rosanna Roces sa NBP noong 2014, nakunan ng litrato http://bit.ly/2dKD9rc ",@stateofdnation
10/7/16 8:02,Pangako ni Pres. Duterte: Wawakasan ang droga at kriminalidad http://bit.ly/2dKD9r1 ,@stateofdnation
10/7/16 8:02,"Naitala ng PNP ang mahigit 1,800 deaths under investigation cases http://bit.ly/2dKCIwS ",@stateofdnation
10/7/16 8:02,"Pres. Duterte, 65% ang grado sa sarili sa unang 100 araw niya sa pwesto http://bit.ly/2dKCVjJ ",@stateofdnation
10/7/16 6:20,Wala ring katiyakan kung matutuloy pa ang mahigit 20 military exercises na naka-schedule sa susunod na taon.,@stateofdnation
10/7/16 8:02,"Cellphone video ng pagsabog, nakuha sa mga suspek http://bit.ly/2dKCEgV ",@stateofdnation
10/7/16 6:19,Ititigil na ng Pilipinas ang joint patrol sa South China Sea kasama ang U.S. Forces.,@stateofdnation
10/7/16 6:10,Naging mainit ang diskusyon kaugnay ng hiling na pagpapalaya sa hindi bababa sa 400 political prisoners.,@stateofdnation
10/7/16 6:06,Isinusulong ng NDFP ang pagpapalaya at pagbibigay ng amnesty sa mahigit 400 political prisoners sa pagpapatuloy ng peace talks sa Norway.,@stateofdnation
10/7/16 6:08,"Binigyang-pugay ang bumabang chairman ng NDFP panel na si Luis Jalandoni sa pagpapatuloy ng peace talks sa Oslo, Norway.",@stateofdnation
10/7/16 5:41,"Madali raw nakapapasok ang mga droga, babae at iba pang kontrabando sa Bilibid, batay sa salaysay ng mga testigo sa pagdinig sa Kamara.",@stateofdnation
10/7/16 5:40,"PNP chief Ronald dela Rosa: ""The government is winning. The government is winning.""",@stateofdnation
10/7/16 5:40,Hindi nakaligtas sa batikos ng international community ang mga pagpatay na nagaganap sa bansa.,@stateofdnation
10/7/16 5:38,Isa sa unang ginawa ni Pangulong Duterte ang pagtatalaga ng PNP chief na kasing tapang din niyang magsalita.,@stateofdnation
10/7/16 5:38,"Nasa 2,294 ang mga pagpatay na iniimbestigahan ng pulisya, ayon sa datos ng PNP.",@stateofdnation
10/7/16 5:36,Hindi raw titigil si Pangulong Duterte hangga't hindi nasusugpo ang droga at kriminalidad. Narito ang special report ni @marizumali.,@stateofdnation
10/7/16 5:36,"Kahit noong nangangampanya pa lang, ipinangako na ni Pangulong Rodrigo Duterte ang pagsugpo sa droga at kriminalidad. #PDU30First100Days",@stateofdnation
10/7/16 5:35,"May 384 kaso na itinuturing nang ""case cleared"" kung saan 257 ang itinuturing na ""case solved"" o nasa kustodiya na ng awtoridad ang suspect.",@stateofdnation
10/7/16 5:35,"Mula July 1 hanggang October 5, 2016, may 1,838 na mga kaso ng tinatawag na DUI.",@stateofdnation
10/7/16 5:34,"Bukod sa mahigit 1,500 drug personalities na napatay sa operasyon kontra droga, may naitala rin ang PNP na ""deaths under investigation.â€ù",@stateofdnation
10/7/16 5:34,Na-inquest na ang Russian at dalawang Hong Kong nationals na nahulihan ng cocaine sa NAIA.,@stateofdnation
10/7/16 5:33,Patay ang isang tricycle driver sa pamamaril sa Caloocan City.,@stateofdnation
10/7/16 5:32,"Kabilang ang isang barangay captain sa pitong nasawi sa operasyon kontra-droga sa Quiapo, Maynila.",@stateofdnation
10/7/16 5:30,"Ngayong ika-100 araw ni Pangulong Rodrigo Duterte sa puwesto pumalo na sa 1,523 ang napapatay sa madugong kampanya kontra-droga.",@stateofdnation
10/7/16 5:29,Isinagawa noong September 24 hanggang 27 ang survey na may margin of error na plus minus 3 percent.,@stateofdnation
10/7/16 5:29,Lumabas sa survey na karamihan sa mga respondent naniniwalang mahalagang mahuling buhay ang mga suspek na sangkot umano sa ilegal na droga.,@stateofdnation
10/7/16 5:29,"Sa 1,200 tinanong sa survey, 84% ang satisfied o kuntento sa giyera kontra droga ng gobyerno habang 8% ang dissatisfied o hindi kuntento.",@stateofdnation
10/7/16 5:29,"""Excellent"" ang grado ng administrasyong Duterte sa kampanya kontra droga, base sa pinakabagong survey ng SWS na inilabas ng BusinessWorld.",@stateofdnation
10/7/16 5:21,Hiningi ni Pangulong Duterte ang tulong ng publiko para sa pagsugpo sa katiwalian.,@stateofdnation
10/7/16 5:20,Inihayag ni Pangulong Duterte ang aniya'y banta sa kanyang buhay ng CIA ng Amerika.,@stateofdnation
10/7/16 5:20,"Sa isang pagtitipon, nagkwento si Pangulong Duterte tungkol sa kanyang buhay bilang pangulo na aniya'y malungkot. | @Joseph_Morong",@stateofdnation
10/7/16 5:17,"65 percent, ito raw ang grade ni Pangulong Duterte sa kanyang sarili para sa unang 100 araw niya sa puwesto.",@stateofdnation
10/7/16 5:11,Ang tatlong suspek na iprinesenta sa media kanina ay may direct participation umano sa pagpapasabog sa Davao City noong nakaraang buwan.,@stateofdnation
10/7/16 5:15,"Ang tulay para ma-identify ang mga suspek sa pagpapasabog sa Davao City ay ilang mga informant, ayon sa DND.",@stateofdnation
10/7/16 5:09,"Sa pagkakahuli sa tatlong suspect ay itinuturing na raw na ""cased closed"" ang kaso ng pagsabog sa Davao City noong nakaraang buwan.",@stateofdnation
10/7/16 5:07,Nakuha sa mga suspek ang cellphone video ng pagsabog sa Roxas Night Market sa Davao City noong nakaraang buwan.,@stateofdnation
10/7/16 5:06,Mga miyembro raw ng Maute Group ang tatlo sa mga suspek. May report si @danotingcungco.,@stateofdnation
10/7/16 5:06,"Isinagawa ang pambobomba para malihis ang atensyon ng gobyerno sa mga operasyon laban sa Abu Sayyaf, batay sa imbestigasyon.",@stateofdnation
10/7/16 5:05,Naaresto na ang apat na suspek sa pagpapasabog sa Roxas Night Market sa Davao City noong nakaraang buwan na ikinasawi ng 15.,@stateofdnation
10/6/16 8:50,"Federalism, susi para masolusyonan ang problema sa kaunlaran at kapayapaan sa Mindanao http://bit.ly/2dHPDQj ",@stateofdnation
10/6/16 8:50,"Amerika, binigo raw ang PHL kaya gusto ni Pres. Duterte na magkaroon ng independent foreign policy http://bit.ly/2dHRdl2 ",@stateofdnation
10/6/16 8:50,"Pres. Duterte, walang pakialam kung puputulin ng US at EU ang tulong nila sa Pilipinas http://bit.ly/2dHOt7j ",@stateofdnation
10/6/16 8:50,"Mga celebrity na nakakulong, wala raw VIP treatment sa loob ng kulungan http://bit.ly/2dHORTz ",@stateofdnation
10/6/16 8:50,"Trillanes, handang i-turnover si Matobato sa PNP kapag nakuha nila ang arrest warrant http://bit.ly/2dHOJDo ",@stateofdnation
10/6/16 8:50,"Sen. De Lima, muling binira si Pres. Duterte sa harap ng mga estudyante http://bit.ly/2dHRaFS ",@stateofdnation
10/6/16 8:50,"Reklamong possession of drug paraphernalia laban kay Mark Anthony, ibinasura http://bit.ly/2dHOvMB ",@stateofdnation
10/6/16 8:50,"Bilibid, matagal na raw kontrolado ng mga inmate http://bit.ly/2dHOVCu ",@stateofdnation
10/6/16 8:50,"Ex-security aide ni Sen. De Lima, tumestigo kaugnay ng diumano'y relasyon ng senadora kay Dayan http://bit.ly/2dHPnkm ",@stateofdnation
10/6/16 6:03,Sisimulan ngayong araw ang pagsasatupad ng Paris accords.,@stateofdnation
10/6/16 6:03,Itinuturing na makasaysayan ni U.S. President @BarackObama ang pagpapatibay ng Paris Accords. May report si @ivanmayrina.,@stateofdnation
10/6/16 5:53,Magtatagal hanggang October 10 ang ikalawang round ng peace talks sa pagitan ng pamahalaan ng Pilipinas at ng NDFP.,@stateofdnation
10/6/16 5:52,"Mahigit 60 mula sa NDFP at mahigit 50 naman sa pamahalaan ang delegasyon para sa on-going peace talks sa Oslo, Norway.",@stateofdnation
10/6/16 5:51,Mananatili pa ring senior adviser si Luis Jalandoni sa kabila ng pagbaba nito bilang chairman ng negotiating panel ng NDFP.,@stateofdnation
10/6/16 5:49,Ikinagulat ng government peace panel ang pagbaba ni Luis Jalandoni bilang chairman ng negotiating panel ng NDFP.,@stateofdnation
10/6/16 5:50,"Nalaman lang daw ito ng peace panel, bago magsimula ang ikalawang round ng peace talks sa Oslo sa Norway. May report live si @raffytima.",@stateofdnation
10/6/16 5:48,Limang panukalang batas ang nakahain ngayon sa Kongreso para amiyendahan ang konstitusyon para sa federalismo. #PDU30First100Days,@stateofdnation
10/6/16 5:48,"Ayon sa mga eksperto, magiging masalimuot at mahaba ang pagpalit ng sistema ng pamahalaan sa federalismo. #PDU30First100Days",@stateofdnation
10/6/16 5:46,Nauna nang napagkasunduan ng peace panel ng NDFP at ng Pilipinas ang pagkakaroon ng indefinite ceasefire. #PDU30First100Days,@stateofdnation
10/6/16 5:43,"Sa loob ng #PDU30First100Days, marami na ang napagkasunduan para solusyonan ang problema sa kapayapaan at kaunlaran sa Mindanao.",@stateofdnation
10/6/16 5:44,Federalism daw ang susi para hindi mapag-iwanan ang Mindanao. Handa na ba rito ang Pilipinas? Narito ang special report ni @raffytima.,@stateofdnation
10/6/16 5:45,"Pangulong Duterte: ""We will strive for a long lasting peace under my term; that is my goal, that is my dream."" #PDU30First100Days",@stateofdnation
10/6/16 5:40,Nakatanggap naman ng +64 na net satisfaction rating si Pangulong Duterte sa pinakabagong survey ng Social Weather Stations.,@stateofdnation
10/6/16 5:38,Iginiit ni Pangulong Duterte na hindi raw naiintindihan ni U.S. President @BarackObama ang kalagayan ng Pilipinas.,@stateofdnation
10/6/16 5:37,Nakakuha naman ng very good na net satisfaction rating ang pangulo sa pinakabagong survey ng Social Weather Stations. | @Joseph_Morong,@stateofdnation
10/6/16 5:36,Hindi raw nababahala si Pangulong Duterte kung puputulin ng Amerika at ng European Union ang ibinibigay nitong tulong sa Pilipinas.,@stateofdnation
10/6/16 5:29,"Patunay ito na walang VIP treatment sa mga showbiz personality, ayon sa pamunuan ng QCPD.",@stateofdnation
10/6/16 5:29,"Pinagtanim din ng gulay ang mga inarestong artista at models sa harapan ng kanilang ""detention cell"" sa loob ng Camp Karingal sa QC.",@stateofdnation
10/6/16 5:28,Pakiusap ni Sen. Trillanes ay hayaang siya mismo ang personal na magdala kay Edgar Matobato sa Camp Crame.,@stateofdnation
10/6/16 5:27,Handa raw i-turnover ni Sen. Antonio Trillanes IV si Edgar Matobato sa PNP oras na matanggap nila ang arrest warrant para sa testigo.,@stateofdnation
10/6/16 5:13,Ibinasura ng piskalya ang reklamong possession of drug paraphernalia na isinampa laban kay Mark Anthony Fernandez. | @iamKatrinaSon.,@stateofdnation
10/6/16 5:13,Humingi ng dasal para sa anak na si Mark Anthony Fernandez ang ina nito na si Alma Moreno.,@stateofdnation
10/6/16 5:15,Ikinalungkot naman nina Lolit Solis at Direk Brillante Mendoza ang sinapit ni Mark Anthony Fernandez.,@stateofdnation
10/6/16 5:16,"Base sa isang imbestigador, hindi raw nila itinanim ang nahuling marijuana kay Mark Anthony Fernandez.",@stateofdnation
10/6/16 5:07,Hindi rin daw pinigilan ni dating BuCor Dir. Franklin Bucayu ang naganap na raid noon sa New Bilibid Prison.,@stateofdnation
10/6/16 5:06,Mariin namang pinabulaanan ni dating BuCor Dir. Franklin Bucayu na tumanggap siya ng drug money.,@stateofdnation
10/6/16 5:05,Itinuro ng Bilibid inmate na si Joel Capones si Jaybee Sebastian na lumilikom daw ng drug money para kay dating DOJ Sec. Leila de Lima.,@stateofdnation
10/6/16 5:04,"Nagabot daw ng â‚±1.5 milyon na drug money si Engelberto Durano, inmate sa New Bilibid Prison, kay dating DOJ Sec. Leila de Lima.",@stateofdnation
10/6/16 5:03,Ibinahagi ni Joenel Sanchez ang diumano'y relasyon ni Sen. Leila de Lima sa dati nitong driver bodyguard na si Ronnie Dayan.,@stateofdnation
10/6/16 5:03,Tumestigo sa pagdinig ng House Justice Committee ang dating security aide ni Senator Leila de Lima. May report si @tinapperez.,@stateofdnation
10/5/16 9:44,"Bagong jeep o beep, inilunsad ng transport group na Kapit http://bit.ly/2dfc4sA ",@stateofdnation
10/5/16 9:44,"Mayor Espinosa Sr., dinakip dahil sa mga nasamsam na droga at armas sa kanyang bahay http://bit.ly/2dfd8wO ",@stateofdnation
10/5/16 9:44,"Pagpwesto sa gobyerno ng mga dating AFP at PNP official, panlaban daw sa katiwalian http://bit.ly/2dfckYB ",@stateofdnation
10/5/16 9:09,"Mga babaeng pulis na nagpalitrato kasama si Mark Anthony Fernandez, posibleng maharap sa kasong administratibo http://bit.ly/2dF0qeg ",@stateofdnation
10/5/16 9:09,"Vice Mayor Paolo Duterte, itinanggi ang mga paratang ni Edgar Matobato laban sa kanya http://bit.ly/2dEZaYz ",@stateofdnation
10/5/16 9:09,"Sabrina M at Krista Miller, itinangging nagbebenta sila ng droga http://bit.ly/2dF19vY ",@stateofdnation
10/5/16 9:09,"Sen. Gordon, posibleng di na ireklamo ng unparliamentary conduct sina Trillanes at De Lima http://bit.ly/2dF1iPR ",@stateofdnation
10/5/16 9:09,"Sen. De Lima, pinayuhan ang mga babae na lumaban at ipagtanggol ang sarili http://bit.ly/2dEZNRR ",@stateofdnation
10/5/16 9:09,"Sen. De Lima, kumita diumano ng hanggang P15-B sa iligal na droga ayon kay Sec. Aguirre http://bit.ly/2dF0jiJ ",@stateofdnation
10/5/16 6:18,Drone race ang bagong paligsahang kinagigiliwan sa Amerika. May report si @victoriatulad.,@stateofdnation
10/5/16 9:09,"Malakanyang, ipinaliwanag ang kontrobersyal na pahayag ni Pres. Duterte patungkol sa Amerika at EU http://bit.ly/2dF01bn ",@stateofdnation
10/5/16 6:17,"Inamin ni Hollywood star at director Ben Stiller na nagkaroon siya ng prostate cancer, dalawang taon na ang nakakaraan. | @victoriatulad",@stateofdnation
10/5/16 6:16,Isang sasakyan ang nilamon ng sinkhole sa Australia. May report si @victoriatulad.,@stateofdnation
10/5/16 6:09,Inalmahan ng mga jeep operator ang panukalang pag-phase out sa mga lumang jeep.,@stateofdnation
10/5/16 6:09,"Banta raw ang bagong jeep o ""Beep"" sa mga jeep na 15 taon o higit pa ang tanda na gusto nang i-phase out. May report si @LeiAlviz.",@stateofdnation
10/5/16 6:02,Patuloy ang pagla-lobby ng isang grupo na maipasa ang panukalang magbibigay access sa mga pasyente sa sinasabing lunas mula sa marijuana.,@stateofdnation
12/16/15 0:52,"#Onyok, inaasahang tatama sa silangang bahagi ng MIndanao, Biyernes ng hapon",@DZMMTeleRadyo
6/2/16 1:15,#EarthquakePH #EarthquakePangasinan Earthquake Information No. 1 Date and Time: 02 June 2016 - 04:59 PM Magnitude = 2.4,@phivolcs_dost
6/1/16 22:29,#EarthquakePH #EarthquakeOccidentalMindoro Earthquake Information No. 1 Date and Time: 02 June 2016 - 02:11 PM Magnitude = 2.2,@phivolcs_dost
7/11/15 4:05,Typhoon #FalconPH umalis na ng bansa ngunit habagat patuloy na magpapaulan sa malaking bahagi ng bansa. #MagandangUmagaPilipinas,@dzrhnews
6/9/16 17:07,"#LINDOL - Magnitude 5 (3:54AM) - 12 km SW of Ambaguio, Nueva Vizcaya",@IMReadyPH
6/9/16 14:31,"Nueva Vizcaya, niyanig ng magnitude 5 na lindol kaninang madaling araw #ACSBalita",@dzrhnews
6/9/16 1:29,"Nueva Vizcaya, niyanig ng magnitude 4.7 na lindol. #DobolBBalitangBalita",@dzbb
6/9/16 12:57,"Ambaguio, Nueva Vizcaya, niyanig ng magnitude 4.7 na lindol kaninang 3:54am ayon kay Robert Tiglao ng @phivolcs_dost",@dzbb
6/3/16 16:16,"JUST IN: Itbayat, Batanes, niyanig ng magnitude 5.3 na lindol kaninang alas 7:50 ng gabi ayon sa @phivolcs_dost",@dzIQ990
5/23/16 20:37,"Ilocos Sur, niyanig ng magnitude 4.9 na lindol. #SuperBalitaSaTanghaliNationwide",@dzrhnews
5/23/16 17:41,"#LINDOL - Mag. 4.9 - 8km NW of Santa Maria, Ilocos Sur | @phivolcs_dost",@IMReadyPH
6/23/16 17:00,"FLASH REPORT: Magnitude 4.9 na lindol, tumama sa Ilocos Sur alas-7:57 Martes ng umaga | Ulat ni @Dennis_Datu",@DZMMTeleRadyo
7/9/15 17:06,".@dost_pagasa: As of 5:00 pm, nakataas ang YELLOW Rainfall Warning sa Bataan, Zambales at Batangas. #FalconPH",@dzbb
6/6/16 23:19,"Trapik, baha resulta ng biglaang pag-ulan - DZIQ Radyo Inquirer 990AM https://shar.es/1JWy5i  | @jay_dones",@dzIQ990
6/6/16 22:23,MORE: Gutter deep na baha sa Pasong Tamo malapit sa Dela Rosa St. sa Makati City.  |via @_jamesJA,@dzbb
5/21/16 3:42,"Burdeos, Quezon, niyanig ng Magnitude 4.5 na lindol; Intensity 3 naramdaman sa QC | via @phivolcs_dost",@DZMMTeleRadyo
6/19/16 22:45,JUST IN: Puerto Gallera niyanig ng magnitude 3.5 na lindol (1:42pm) http://fb.me/2DyDtprD3  I @phivolcs_dost,@dzrhnews
6/17/16 16:48,"Sarangani, Davao Occidental niyanig ng magnitude 4.3 na lindol kaninang 8:27 ng umaga | @RickyBrozas",@dzIQ990
6/15/16 19:41,"Catbalogan, Samar niyanig ng magnitude 4.7 na lindol - DZIQ Radyo Inquirer 990AM https://shar.es/1dbqSi  | @donadominguez",@dzIQ990
6/15/16 19:32,"Nagkaroon ng Mag. 4.7 na lindol sa 32 km NE ng Catbalogan, Samar kaninang 8:07AM. - @phivolcs_dost",@IMReadyPH
6/15/16 13:22,"Kalingalan Caluang, Sulu, niyanig ng magnitude 3.6 na lindol kaninang 4:10 ng umaga | @phivolcs_dost",@phivolcs_dost
6/10/16 17:36,LINDOL - Mag. 3.4 (8:34AM) - 23km SW of Mati (Davao Oriental),@IMReadyPH
4/4/14 5:07,"Bagyong #Domeng sa labas ng PAR, inaasahang papasok sa PInas sa Linggo/Lunes",@twitter_ph
6/6/16 19:07,"#TVPatrol 2 sa 3 tinangay ng baha sa Majayjay, Laguna, pinaghahanap | via Maira Wallis",@TVPatrol
4/5/16 1:17,"JUST IN: Magnitude 5.9 lindol naitala Sarangani, Davao Occidental (4:29PM)",@dzrhnews
4/4/16 18:18,"JUST IN: Magnitude 4.3 lindol Jose Abad Santos, Davao Occidental (8:40AM)",@dzrhnews
4/3/16 16:15,"Updated Information from @phivolcs_dost: Jomalig, Quezon niyanig ng magnitude 4.8 na lindol kaninang 3:09 ng madaling araw",@dzIQ990
2/15/16 12:33,"Jose Abad Santos, Davao Occidental, niyanig ng magnitude 3.4 na lindol kaninang 4:07AM | via @phivolcs_dost",@DZAR1026
3/5/16 10:17,#EarthquakePH #EarthquakeQuezon Lalawigan ng Quezon: 4.6 magnitude lindol.,@dzrhnews
2/16/16 7:09,#EarthquakePH Information No. 1 Location: Manay (Davao Oriental) Depth: 014 Magnitude: Ms 3.4 | via @phivolcs_dost,@philredcross 
2/10/16 5:33,#EarthquakePH Information No. 2 Date and Time: 10 Feb 2016 Location: General Luna (Quezon) Magnitude: Ms 3.2,@philredcross 
10/19/15 6:34,5.4-magnitude quake strikes off Occidental Mindoro,@cnnphilippines
10/15/15 1:33,@phivolcs_dost: #EarthquakePH information number 2 Magnitude = 4.2 Depth = 064km Location = Kawayan (Biliran),@philredcross 
9/26/15 20:48,@phivolcs_dost: #EarthquakePH 07 Sep. 2015 12:09 PM Magnitude = 3.9 Depth = 010 kilometers Location =Zamboanga City,@philredcross 
9/3/15 8:11,#EarthquakePH Information No. 1 03 Sep. 2015 11:37PM Magnitude =3.2 Depth=025 kilometers Location=Palauig (Zambales),@philredcross 
9/1/15 18:14,@phivolcs_dost #EarthquakePH Information No. 2: Magnitude = 5.5 Depth = 295 kilometers Location = Sarangani,@philredcross 
8/14/15 5:48,"#EarthquakePH Magnitude = 3.2 Depth = 28 km Location = 16.87Â°N, 120.28Â°E - 028 km N 07Â° W of San Fernando (La Union)",@philredcross 
8/12/15 3:38,"Laak, Compostela Valley, niyanig ng 3.3 magnitude na lindol kaninang 4:30am. | #EarthquakePH",@philredcross 
8/2/15 6:01,Magnitude = 5.0 Depth = 607km Location = Aurora (Zamboanga Del Sur) | via @phivolcs_dost #EarthquakePH,@philredcross 
7/30/15 1:02,"#EarthquakePH â€¢ Magnitude = 3.2 Depth = 3km Location: 16.57Â°N, 119.85Â°E - 020 km N 12Â° W of Bolinao (Pangasinan)",@philredcross 
7/24/16 6:19,24 Jul 2015 - 10:01:02pm Magnitude = 3.1 Depth =118km Location: Nasugbu (Batangas) | via @phivolcs_dost #EarthquakePH,@philredcross 
10/17/13 1:15,UPDATE: 21 nawawala dahil sa #earthquakePH - @NDRRMC_OpCen. #NewsTVLive,@gmanews
7/8/16 17:12,"#UPDATE (8AM, 08 JULY 16) Huling namataan ang bagyong #ButchoyPH, 250km Northwest ng Itbayat, Batanes I @dost_pagasa",@dzrhnews
1/1/15 15:30,"8 bayan sa timog na bahagi ng Cebu, isolated pa rin dahil sa mga pinsalang dulot ng bagyong #SeniangPH. | via @dzbb",@IMReadyPH
12/31/14 13:15,"Limang bayan sa Cebu, isinailalim sa state of calamity dahil sa pananalasa ng bagyong #SeniangPH .",@dzbb
12/31/14 19:35,"Bago magpalit ang taon, naging low pressure area na lang muli ang Bagyong #SeniangPH, ayon sa @dost_pagasa.",@IMReadyPH
1/4/15 12:58,Humina at isa na lang LPA ang #SeniangPH. Huli itong namataan ng @dost_pagasa sa 210 km SSE ng Puerto Princesa City.,@IMReadyPH
1/4/15 12:27,"9 barangay sa Alcantara, Cebu, isolated dahil sa pagbahang may kasamang putik dulot ng Bagyong #SeniangPH #UnangHirit",@UnangHirit
1/4/15 8:45,"29 patay sa landslide sa Samar, Leyte #SeniangPH",@ABSCBNNews
1/4/15 6:56,"Lalo pang humina ang Bagyong #SeniangPH, isa na lamang itong LPA ngayon, ayon sa @dost_pagasa. | via @wengsalvacion @dzbb",@gmanews
12/30/14 23:40,#SeniangPH Signal No. 1 (4:30 PM) Southern Palawan,@IMReadyPH
12/30/14 23:11,"Bilang ng namatay sa pananalasa ng bagyong #SeniangPH ,umakyat na sa 57; mahigit 50,000 na pamilya, apektado ng bagyo.",@dzbb
12/30/14 21:41,"#SeniangPH UPDATE: As of 12:00 NN, huli itong namataan ng @dost_pagasa sa layong 250 km timog ng Cuyo, Palawan.",@IMReadyPH
12/30/14 19:20,"52,000 pamilya, naapektuhan ng bagyong #SeniangPH, ayon sa @NDRRMC_OpCen. | via @glenjuego",@gmanews
12/30/14 19:21,Aabot na sa 26 ang sugatan habang 8 pa ang nawawala sa pananalasa ng bagyong #SeniangPH. â€“ @NDRRMC_OpCen | via @glenjuego,@gmanews
12/30/14 13:27,"#SeniangPH, nananatili ang lakas; Palawan, signal no. 2",@DZMMTeleRadyo
12/30/14 12:56,NDRRMC: 21 na ang kumpirmadong patay sa pananalasa ng Bagyong #SeniangPH sa Visayas at Mindanao #UnangHirit,@UnangHirit
12/30/14 12:34,"Bagyong #SeniangPH, huling na-monitor ng @dost_pagasa sa layong 150 km southwest ng Cuyo, Palawan.",@dzbb
12/30/14 5:53,"#SeniangPH Signal no. 1 Luzon: Calamian Group of Islands Visayas: Guimaras, Antique and Southern Iloilo",@InqNational
12/30/14 5:51,"#SeniangPH Signal no. 2 Luzon: Cuyo Island and Palawan, via @dost_pagasa",@InqNational
12/30/14 5:14,"#AksyonTonite: Bilang ng nasawi dahil sa Bagyong #SeniangPH, umabot na sa 21 ayon sa NDRRMC",@News5AKSYON
12/30/14 4:46,"4 ang nawawala sa Bohol, 4 sa Cebu, 1 sa Bukidnon at 1 sa Agusan del Norte; 17 katao ang naitalang nasugatan. | @_jamesagustin #SeniangPH",@gmanews
10/23/15 11:20,"(Oct. 23, 2015) NDRRMC: Update sa pinsala ng #LandoPH 2 provinces, 1 city, 9 municipalities under state of calamity @NDRRMC_OpCen",@dzrhnews
10/23/15 5:20,"Low pressure area [dating bagyong #LandoPH], huling namataan sa layong 285 km silangan ng Basco, Batanes, ayon sa @dost_pagasa.",@dzbb
10/23/15 5:29,"Bagyong #LandoPH, pinakamapaminsala sa mga bagyo na tumama sa bansa ngayong taon. #DobolBBalitangBalita",@dzbb
6/8/16 5:03,"Baha sa Maysilo, Mandaluyong magtatagal pa https://shar.es/1JrteK  | @jay_dones",@dzlQ990
6/6/16 23:19,"Trapik, baha resulta ng biglaang pag-ulan - DZIQ Radyo Inquirer 990AM https://shar.es/1JWy5i  | @jay_dones",@dzlQ990
12/23/15 8:02,"Ilang bahagi ng Mandaluyong, baha pa rin ilang araw na lang bago ang Pasko | via @sherwinalfaro @MandaluyongPIO",@dzrhnews
12/16/15 1:06,PAGASA: #BagyongNona Signal no. 2 Bataan Southern Zambales Batangas Cavite Lubang Island,@NewsLightTV
12/16/15 1:04,PAGASA: #BagyongNona Signal no. 2 Bulacan Pampanga Tarlac Rest of Zambales,@NewsLightTV
12/16/15 1:04,"PAGASA: #BagyongNona Signal no. 1:Metro Manila,Laguna,Rizal,Northern Occidental Mindoro,Northern Oriental Mindoro",@NewsLightTV
12/15/15 3:30,"Signal #3: Oriental Mindoro, Occidental Mindoro, Lubang Island",@PatnubayOnline
12/15/15 3:30,"Signal #2: Batangas, Cavite, Marinduque",@PatnubayOnline
12/15/15 3:30,Signal #2: Romblon at Calamian Group of Islands,@PatnubayOnline
12/15/15 3:31,"Signal #1: Metro Manila, Bataan, Southern Zambales, Bulacan, Laguna",@PatnubayOnline
12/15/15 3:31,"Signal #1: Rizal, Quezon, Northern Palawan, Cuyo Island at Antique",@PatnubayOnline
12/14/15 14:13,Higit 500 pasahero #stranded sa #Batangas Port dahil sa Bagyong Nona.#bagyongnona,@TV5manila
12/14/15 18:36,Wala ng supply ng kuryente sa ilang bahagi ng Sibuyan Island #bagyongnona,@rpost2015
12/14/15 18:24,"Naramdaman na sa San Fernando, Romblon ang malakas na ulan na may kasamang hangin #bagyongnona",@rpost2015
1/6/16 2:44,"Mga kalsada sa Infanta, Quezon, sira pa rin matapos matabunan ng landslides noong bagyong #NonaPH",@TVPatrol
12/29/15 5:29,"Tatlong Islang sinalanta ni bagyong â€ª#â€_NonaPHâ€¬ sa Romblon, patuloy na bumabangon. Mga residente, mag diriwang ng bagong taong walang kuryente",@RomblonNews
12/28/15 9:34,"100% ng Sibale Island, Romblon, winasak ng bagyong #NonaPH; tulong, kailangang-kailangan",@DZMMTeleRadyo
12/29/15 2:46,"Bagsik ng bagyong #NonaPH, pagbagsak ng kisame sa sinehan, at pananakit sa bata, ilan sa ibinahagi ng Bayan Patrollers",@TVPatrol
12/25/15 2:08,Inabutan na ng pasko ang bahang dulot ng Bagyong #NonaPH sa Bulacan,@24OrasGMA
12/23/15 5:53,"Pinsala ni #NonaPH sa Sibale Romblon, halos sariwa parin isang linggo matapos na manalasa ang bagyo",@RomblonNews
12/23/15 2:17,"Ang mga taga-Corcuera, Romblon, hirap pa ring bumangon mula sa pananalasa ni #NonaPH",@24OrasGMA
12/22/15 23:10,"Nagbigay ng tulong na nagkakahalagang P100,000 ang LGU-Odiongan sa tatlong islang nasalanta ng bagyong #NonaPH.",@RomblonNews
12/22/15 22:40,"Pagpapailaw sa bayan ng Corcuera, maaring abutin pa ng 2 buwan; ayon kay Vice Mayor Elmer Fruelda #NonaPH",@GMAnewsbreaking
12/22/15 0:36,"Nasawi sa #NonaPH, umabot na sa 42",@DZAR1026
12/21/15 7:12,"Emergency shelter repair para sa mga nasalanta ng bagyong #NonaPH, tiniyak ng DSWD",@DZMMTeleRadyo
12/21/15 6:34,"Balot ng putik ang ilang lugar sa Baco, Oriental Mindoro na nakaranas ng lagpas-taong baha nang manalasa ang Bagyong #NonaPH.",@saksi
12/22/15 6:34,"Wala na ang Bagyong #OnyokPH o Bagyong #NonaPH pero baha pa rin sa Baler, Aurora dulot ng ulan dahil sa amihan at cold front.",@saksi
12/21/15 2:34,"Halos 10,000 nasalanta ng Bagyong #NonaPH ang nahatiran ng tulong ng Operation Bayanihan ng @gmakf",@24OrasGMA
12/21/15 2:31,"#KapusongTotoo: Ang ating Operation Bayanihan, agad nagsadya sa mga nasalanta ng Bagyong #NonaPH sa Matnog, Sorsogon.",@24OrasGMA
12/20/15 22:33,NDRRMC: 40 patay dahil sa bagyong #NonaPH,@BalitaNgayon
12/20/15 22:07,Death toll sa bagyong #NonaPH tataas pa sa kasalukuyang 40 katao,@NewsCentralPH
12/20/15 14:11,"Pinsala ng bagyong #NonaPH, mahigit â‚±3-B na. #SuperBalitaSaUmagaNationwide",@dzbb
12/20/15 13:59,"Sa kabuoan 430,801 pamilya ang nailikas, 17,808 ang nasa evacuation centers na 288",@dwiz882
12/19/15 7:37,Posible raw na brownout sa Pasko sa ilang lugar sa Oriental Mindoro dahil sa lawak ng pinsala dulot ng #NonaPH.,@Balitanghali11
12/19/15 7:28,"Bilang ng mga namatay sa bagyong #NonaPH, tumaas pa",@TVPatrol
12/18/15 9:53,"Halaga ng pinsala sa imprastruktura ng bagyong #NonaPH, nasa mahigit P60 milyon na - ayon sa @DPWHph",@GMAnewsbreaking
12/18/15 19:25,Mahigit 200 paaralan sa buong Oriental Mindoro ang napinsala ng Bagyong #NonaPH,@Balitanghali11
12/18/15 19:01,Nasa state of calamity ngayon ang buong Pilipinas dahil sa pananalasa ng Bagyong #NonaPH.,@Balitanghali11
12/18/15 18:23,NDRRMC: 42 kalsada at  21 tulay ang hindi pa rin madaanan dahil sa bagyong #NonaPH,@dwiz882
12/18/15 18:12,34 na ang kumpirmadong patay dahil sa bagyong #NonaPH ayon sa NDRRMC,@dwiz882
12/18/15 12:21,"PNoy, nagdeklara ng state of national calamity dahil sa hagupit ni #NonaPH",@GMAnewsbreaking
12/18/15 8:23,"#NonaPH, nag-iwan sa Isabela ng higit P70-M pinsala sa agrikultura ",@TVPatrol
12/18/15 4:41,"State of Calamity, idineklara na sa lalawigan ng Romblon dahil sa iniwang pinsala ni #NonaPH.",@RomblonNews
12/18/15 4:23,"Kumpara sa Bagyong #NonaPH, higit na mas mahina ang hanging dala ng Bagyong #OnyokPH.",@stateofdnation
12/18/15 3:47,"Isa sa mga classrooms na nagiba dahil sa bagyong #NonaPH sa Pola, Oriental Mindoro",@BalitaNgayon
12/18/15 2:25,"Mahigit P70-m, iniwang pinsala ng bagyong #NonaPH sa agrikultura",@TVPatrol
12/18/15 1:54,"#TVPatrol Mahigit 1,500 pamilya na sinalanta ng bagyong #NonaPH, tumanggap ng tulong ",@TVPatrol
12/18/15 1:52,"#TVPatrol  Mga pamilyang lumikas, nagsisiuwian na #NonaPH",@TVPatrol
12/18/15 1:48,"#TVPatrol Pola, Oriental Mindoro, isinailalim sa state of calamity dahil sa Bagyong #NonaPH ",@TVPatrol
12/18/15 1:47,"#TVPatrol 45,000 na bahay, sinira ng bagyong #NonaPH sa Oriental, Mindoro",@TVPatrol
12/18/15 1:46,"#TVPatrol Libu-libong sako ng bigas, nabasa nang matuklap ang bubong ng mga bodega dahil sa bagyong #NonaPH ",@TVPatrol
12/18/15 1:48,#TVPatrol 11 patay noong kasagsagan ng bagyong #NonaPH sa Oriental Mindoro TVPatrol,@TVPatrol
12/18/15 1:45,Baka mag- pasko sa dilim ang mga residente ng Northern Samar Na napuruhan ng Bagyong #NonaPH,@24OrasGMA
12/18/15 1:30,"#TVPatrol PNoy, nagdeklara ng State of National Calamity para mapadali ang pagtugon sa pananalasa ng Bagyong #NonaPH",@TVPatrol
12/18/15 1:39,Ilang bangka ang lumubog at nawasak nang manalasa ang Bagyong #NonaPH sa Northern Samar. ,@24OrasGMA
12/18/15 1:39,"#TVPatrol Ekta-ektaryang pananim sa bayan ng Candaba, napinsala #NonaPH",@TVPatrol
12/18/15 1:32,5 ang nasawi at 2 ang nawawala  dahil sa landslide dala ng Bagyong #NonaPH. ,@24OrasGMA
12/18/15 1:30,Landslide ang pangunahing naminsala sa ilang bahagi ng Nueva Vizcaya at Nueva Ecija bunsod ng #NonaPH.,@24OrasGMA
12/18/15 0:56,Higit 3000 na ang stranded na pasahero sa iba't-ibang pier dahil sa Bagyong #NonaPH.,@dzbb
12/18/15 0:24,"Pinsalang dinulot ng #NonaPH, umabot sa higit P900 milyon",@DZAR1026
12/17/15 21:30,"Mga residenteng naapektuhan ng malalakas na pag-ulan sa Aurora, umaapela ng ayuda ",@BalitaNgayon
12/17/15 19:54,Halos 500 na puno ng niyog ang nasira ni bagyong #NonaPH sa bayan ng Corcuera.,@RomblonNews
12/17/15 19:16,Umakyat na sa 9 ang naitalang patay sa Oriental Mindoro dahil sa bagyong #NonaPH.,@Balitanghali11
12/17/15 19:03,Sa Simara Island naman halos wasak rin ang mga bahay na malapit sa dalampasigan. #NonaPH,@RomblonNews
12/17/15 18:47,Sinira ng malalakas ng hangin na dala ng #NonaPH ang ilang establisyemento sa Oriental Mindoro,@Balitanghali11
12/17/15 18:30,Or. Mindoro Gov: 9 patay dahil kay #NonaPH,@DZMMTeleRadyo
12/17/15 18:24,"40,000 bahay, winasak ng bagyong #NonaPH sa Oriental Mindoro ",@bayanmo
12/17/15 17:57,"NDRRMC Usec. Alexander Pama: 165,554 families ang nailikas dahil sa bagyong #NonaPH",@dwiz882
12/17/15 17:33,Lima na ang namatay at dalawa ang nawawala sa Nueva Vizcaya dahil sa Bagyong #NonaPH,@gmanewsfacebok
12/17/15 16:29,"Hindi pa man din tapos manalanta si #NonaPH, entrada naman ngayon si tropical depression #OnyokPH. Maghanda po tayo",@MartinRomualdez
12/17/15 13:44,"Lima patay, dalawa nawawala sa pananalasa ng bagyong #NonaPH sa Alfonso, CastaÃ±eda, Nueva Vizacya. #UnangHirit",@UnangHirit
12/17/15 13:15,"Malaking bahagi ng Gabaldon, N. Ecija, binaha",@TVPatrol
12/17/15 12:15,6 naitalang patay sa pananalasa ni #NonaPH sa N. Samar,@TVPatrol
12/17/15 12:48,PAGASA weather forecaster Jun Galang: Natunaw na po si #NonaPH kahapon. | via @dzbb,@gmanewsbreaking
12/17/15 13:00,4 patay sa Oriental Mindoro dahil kay #NonaPH,@TVPatrol
12/17/15 12:55,9 nawawala matapos pumalaot sa kasagsagan ni #NonaPH,@TVPatrol
12/17/15 12:42,Nagmistulang lati ang Gitnang Luzon gawa ni #NonaPH; napuno ang mga dam,@inquirerdotnet
12/17/15 12:30,"Ilang residente sa Bulan, Sorsogon, pilit na bumabangon mula sa pinsala ng Bagyong #NonaPH.",@UnangHirit
12/17/15 12:25,7 patay sa Oriental Mindoro dulot ng Bagyong #NonaPH,@UnangHirit
12/17/15 12:18,"Pinsalang dulot ng bagyong #NonaPH sa agrikultura, umabot na sa mahigit â‚±700-M, ayon sa Dept. of Agriculture",@dzbb
12/17/15 12:15,"Malaking pinsalang iniwan ng Bagyong #NonaPH sa Northern Samar, tumambad",@UnangHirit
12/17/15 6:32,Lalong tumambad ang pinsalang iniwan ng Bagyong #NonaPH sa Northern Samar kung saan una itong nag-landfall.,@saksi
12/17/15 5:40,"Pinsala ng Bagyong #NonaPH sa Northern Samar at sa Oriental Mindoro kung saan ito nag-landfall, lalo pang tumambad!",@saksi
12/17/15 5:24,"8 katao, patay sa hagupit ni #NonaPHâ€”NDRRMC",@gmanews
12/17/15 4:52,"#RHBalitaAgad #NonaPH, lusaw na! Bagyong 'Onyok', bantay sarado sa PAGASA!",@dzrhnews
12/17/15 4:49,"Sa bayan ng Alfonso CastaÃ±eda sa Nueva Vizcaya, lima ang naitalang nasawi sa pananalasa ng Bagyong #NonaPH",@stateofdnation
12/17/15 4:30,"Hindi pa nga raw sila nakakabangon sa Bagyong Lando, muli na naman silang hinagupit ng Bagyong #NonaPH.",@stateofdnation
12/17/15 4:07,90% ng mga istruktura sa 24 na mga bayan sa Northern Samar ang napinsala sa pagdaan ng Bagyong #NonaPH.,@stateofdnation
12/17/15 2:57,Pahirapan makapasok sa Aurora Province dahil sa dami ng landslide. #NonaPH,@DZMMTeleRadyo
12/17/15 3:14,"5 patay sa landslide sa CastaÃ±eda, Nueva Vizcaya",@BalitaNgayon
12/17/15 1:57,"#TVPatrol Nalusaw na ang bagyong #NonaPH, pero papalapit na sa bansa si #OnyokPH.",@TVPatrol
12/17/15 2:11,"#TVPatrol Linya ng komunikasyon sa Masbate at Burias Island, bagsak pa rin #NonaPH ",@TVPatrol
12/17/15 1:47,"#TVPatrol Bilang ng mga bahay na nawasak ng bagyo sa Pinamalayan, aabot sa 15,000 #NonaPH",@TVPatrol
12/17/15 1:38,"#TVPatrol C130 na may kargang relief goods ng DSWD, dumating na sa Northern Samar #NonaPH",@ABSCBNNews
12/17/15 1:38,"#TVPatrol 90% ng mga bahay sa Northern Samar, napinsala ng bagyo #NonaPH ",@ABSCBNNews
12/17/15 1:38,"Mga bahay sa Catarman, winasak ng bagyong #NonaPH ",@News5AKSYON
12/17/15 1:34,"#TVPatrol Gov. Ong: malaking bahagi ng Northern Samar, malubhang napinsala ng bagyong #NonaPH ",@TVPatrol
12/17/15 0:52,"Ilang dam sa Luzon, umabot na sa spilling level dahil sa pag-ulang dulot ng bagyong #NonaPH.",@gmanewstvQRT
12/17/15 0:50,Dalisay: Patuloy po kaming mag-momonitor sa mga sitwasyon kaugnay sa naging epekto ng bagyong #NonaPH,@dzrhnews
12/17/15 0:34,3 patay matapos makuryente sa gitna ng paglilinis sa iniwang pinsala ng bagyong #NonaPH,@gmanewstvQRT
12/17/15 0:28,SIGNAL #1:<newline>Surigao del Sur including Siargao Island<newline>Surigao del Norte<newline>Dinagat Province <newline>Misamis Oriental<newline>Camiguin.<newline>#NonaPH,@PhilppineStar
12/17/15 0:33,"2 patay, 2 nailigtas matapos manatili ng tatlong araw sa dagat dahil sa #NonaPH.",@gmanewstvQRT
12/17/15 0:29,Signal #1<newline>Bukidnon<newline>Lanao del Norte<newline>Lanao del Sur<newline>Misamis Occidental<newline>#NonaPH,@PhilppineStar
12/17/15 0:24,"Hanging dala ng #NonaPH, katulad daw ng sa Bagyong Yolanda, ayon sa mga taga-Catarman.",@gmanewstvQRT
12/17/15 0:20,@dost_pagasa: LPA na lamang ang dating Bagyong #NonaPH.,@gmanewsbreaking
12/17/15 11:59,"3 bahay, natabunan sa landslide sa Brgy. Cadaclan, Pantabangan, Nueva Ecija. #NonaPH",@DZMMTeleRadyo
12/17/15 23:59,"5 patay sa landslide sa Alfonso CastaÃ±eda, Nueva Vizcaya; 2, pinaghahanap pa. #NonaPH",@DZMMTeleRadyo
12/16/15 23:23,LPA na dating bagyong #NonaPH nalusaw na matapos ang interaksyon nito sa hanging Amihan,@dost_pagasa
12/16/15 23:22,"Sira ang bubong ng public market at natuklap ang dingding ng ilang kabahayan sa Bulan, Sorsogon #NonaPH",@bayanmo
12/16/15 23:14,Humina na at isa na lang LPA ang dating bagyong #NonaPH.,@GMA_BP
12/16/15 23:04,"Bagyong #Onyok, posibleng mag-landfall sa Caraga region bukas; bagyong #NonaPH, isa na lamang LPA",@untvradio1350
12/16/15 22:49,Gov. Ong: Tatlo na ang nasawi dahil sa pananalasa ni Bagyong Nona... 12 naman ang missing #NonaPH,@News5AKSYON
12/16/15 22:35,"Mga linya ng komunikasyon sa Northern Samar, bumagsak dahil sa #NonaPH",@News5E
12/16/15 21:23,"Dalang ulan ng bagyong #NonaPH, nakabawas sa epekto ng El NiÃ±o ayon sa Malakanyang",@untvradio1350
12/16/15 21:00,"NDRRMC: 8 patay, 12 sugatan dahil sa bagyong #NonaPH",@DZMMTeleRadyo
12/16/15 20:58,"PSWDO, patuloy na nag rerepack ng mga food packs na ipapadala sa tatlong bayang nasalanta ni #NonaPH sa Romblon.",@RomblonNews
12/16/15 20:39,"#OnyokPH, tinutumbok ang Caraga, #NonaPH, LPA na lang",@DZMMTeleRadyo
12/16/15 19:45,Walo na ang naitatalang patay sa pananalasa ng Bagyong #NonaPH na ngayo'y isa na lang low pressure area.,@Balitanghali11
12/16/15 19:12,Isinailalim na sa state of calamity ang probinsya ng Sorsogon dahil sa epekto ng Bagyong #NonaPH.,@Balitanghali11
12/16/15 19:04,"Mga nasalanta ng bagyong #NonaPH sa Mindoro, posibleng sa evacuation center na mag-Pasko. #SuperBalitaSaTanghaliNationwide ",@dzbb
12/16/15 19:04,"Opisyal na bilang ng mga nasawi sa bagyong #NonaPH, umakyat na sa 8, batay sa pinakahuling tala ng NDRRMC.",@dzbb
12/16/15 18:40,Isinailalim na sa state of calamity ang bayan ng Corcuera sa Romblon dahil sa pinsala roon ng Bagyong #NonaPH.,@Balitanghali11
12/30/15 4:45,"Sa 21 namatay, 11 ang mula sa Central Visayas, 6 sa Eastern Visayas, 2 sa Davao region, at 2 sa CARAGA region. | @_jamesagustin #SeniangPH",@gmanews
12/30/14 12:02,"#SeniangPH Signal No. 1 - Calamian Group of Islands, Negros Occidental, Aklan, Capiz, Rest of Iloilo, Rest of Antique.",@News5AKSYON
12/30/14 12:01,"#SeniangPH Signal No. 2 - Cuyo Island, Palawan, Guimaras, Southern Antique and Southern Iloilo.",@News5AKSYON
12/29/14 23:53,PAGASA: 19kph westward ang usad ng bagyong #SeniangPH patungo ng Cuyo Island | via @RPDexterGanibe,@ABSCBNNews
12/29/14 23:53,PAGASA: Bagyong #SeniangPH nasa Sulu Sea patungo na ng Cuyo Island | via @RPDexterGanibe,@ABSCBNNews
12/29/14 23:49,"1 patay, 2 nawawala sa Agusan del Norte; 4 lugar malapit sa Agusan River, lubog sa baha dahil kay #SeniangPH",@DZMMTeleRadyo
12/29/14 23:20,"Nakataas din ang Storm Signal No. 1 sa: Palawan, kasama ang mga isla ng Calamian at Cuyo | via @dost_pagasa #SeniangPH",@IMReadyPH
12/29/14 23:19,Nakataas ang Storm Signal No. 1 sa: Aklan Capiz Rest of antique Rest of Iloilo Southern Cebu Negros Oriental |via @dost_pagasa #SeniangPH,@IMReadyPH
8:-5 PM - 29 Dec 2014,"Weather Update: Apat na beses nang nag-landfall ang Bagyong #SeniangPH, ayon sa @dost_pagasa. #IMReadyPH",@IMReadyPH
12/29/14 19:44,"Caraga region, may mahigit 12,000 pamilya na lumikas dahil sa bagyong #SeniangPH; ilang lugar, baha pa rin, ayon kay Mazo, OCD-Region 6.",@IMReadyPH
12/29/14 19:17,"WEATHER as of 11am: Signal #2 in Negros Occidental, Negros Oriental, Guimaras, Southern Cebu, Southern Antique, Southern Iloilo | #SeniangPH",@PhilippineStar
12/29/14 19:17,"WEATHER asof 11am: Signal#1 in Palawan,Calamian groupof islands, CuyoIs., Aklan,Capiz, restof Antique,Iloilo, Cebu,Bohol,Siquijor|#SeniangPH",@PhilippineStar
12/29/14 18:57,#SeniangPH SIGNAL NO. 1 Palawan Calamian group of Islands Cuyo Island Aklan Capiz Rest of Antique Rest of Iloilo Rest of Cebu Bohol Siquijor,@News5AKSYON
12/29/14 18:31,"Signal #2 up in Negros Occidental, Negros Oriental, Guimaras, Southern Cebu, Southern Antique & Southern Iloilo. #SeniangPH |",@InqNational
12/29/14 18:05,"Bagyong #SeniangPH, nasa Negros Oriental na ngayon at kumikilos patungo sa Panay Gulf, ayon sa @dost_pagasa.",@dzbb
12/29/14 18:00,#SeniangPH SIGNAL NO. 1 (11 AM) Aklan Capiz Rest of Antique Rest of Iloilo Rest of Cebu Bohol Siquijor,@IMReadyPH
12/29/14 17:58,"#SeniangPH signal #1: Aklan, Capiz, Rest of Antique, Rest of Iloilo, Rest of Cebu, Bohol, Siquijor",@DZMMTeleRadyo
12/29/14 17:58,"#SeniangPH signal #1: Palawan, Calamian group of Islands, Cuyo Island",@DZMMTeleRadyo
12/29/14 17:57,"#SeniangPH signal #2: Negros Occ., Negros Or., Guimaras, Southern Cebu, Southern Antique, Southern Iloilo",@DZMMTeleRadyo
12/29/14 16:05,"JUST IN: Nag-landfall sa ika-apat na pagkakataon ang #SeniangPH sa Guihulngan, Negros Or. dakong 7AM | @dost_pagasa",@IMReadyPH
12/29/14 13:56,#SeniangPH SIGNAL NO. 1 - Guimaras - Leyte - Southern Leyte - Rest of Negros Occidental - Camotes Island - Iloilo - Antique - Capiz - Aklan,@IMReadyPH
12/29/14 13:35,"ICYMI: Nag-landfall muli ng pangatlong beses ang #SeniangPH sa Sibonga, Cebu kaninang 4:45 AM, ayon sa @dost_pagasa.",@IMReadyPH
12/29/14 12:20,"Huling namataan ang #SeniangPH sa layong 35 km SE ng Mactan, Cebu. LAKAS: 65 kph BUGSO: 80 kph GALAW: WNW at 11 kph",@IMReadyPH
12/29/14 0:14,"(1/2) Signal #2: Bohol, Siquijor, southern Cebu, Negros Oriental, southern part of Negros Occidental #SeniangPH",@ANCAlerts
12/29/14 0:13,"(2/3) Signal #1: southern part of Antique, Bukidnon, Lanao del Norte, Lanao del Sur, Misamis Occidental #SeniangPH",@ANCAlerts
12/29/14 0:13,"(1/3) Signal #1: Leyte, Southern Leyte, Camotes, rest of Cebu, rest of Negros Occidental, Guimaras, southern part of Iloilo #SeniangPH",@ANCAlerts
12/29/14 0:01,Update (5 PM): Huling namataan ng @dost_pagasa ang Bagyong #SeniangPH sa layong 140 km east southeast ng Tagbilaran City.,@IMReadyPH
12/28/14 20:05,Huling namataan ang sentro ng bagyo 33 kilometers hilagang silangan ng Butuan City. #SeniangPH,@IMReadyPH
12/28/14 19:37,"11AM | Signal 1: northern Davao, Bukidnon, Davao Norte, Lanao provinces, Misamis Occ. #SeniangPH | @PanahonTV [EDIT]",@InqNational
12/28/14 19:18,"[12:10 PM] YELLOW rainfall warning, nakataas sa Central Visayas, Eastern Visayas, Negros Occ. | via @dost_pagasa #SeniangPH",@DZMMTeleRadyo
12/28/14 19:06,"(3/3) Signal #1: Misamis Occidental, Zamboanga del Norte, Zamboanga del Sur, Zamboanga Sibugay #SeniangPH",@ANCAlerts
12/28/14 19:06,"(2/3) Signal #1: Northern part of Davao Oriental, Davao del Norte, Bukidnon, Lanao del Norte, Lanao del Sur #SeniangPH",@ANCAlerts
12/28/14 19:06,"(1/3) Signal #1: Leyte, Southern Leyte, Camotes, rest of Cebu, rest of Negros Occidental, Compostela Valley, Dinagat #SeniangPH",@ANCAlerts
12/28/14 18:53,"PAGASA: #SeniangPH, taglay pa rin ang lakas ng hanging umaabot sa 65kph malapit sa gitna at pagbugsong aabot sa 80kph",@DZMMTeleRadyo
12/10/12 15:43,"(as of Dec.11 6:00AM update) #PabloPH NDRRMC: Patay sa Bagyong Pablo, 714 na; 890 pa nawawala",@DZMMTeleRadyo
12/8/12 23:52,"PAGASA: #PabloPH, isa na lamang low pressure area (LPA) | via Dexter Ganibe",@DZMMTeleRadyo
12/8/12 21:33,"Umakyat na sa 540 ang kumpirmadong patay sa #PabloPH ; 1,088 ang sugatan, 827 missing pa rin, ayon sa NDRRMC -- Isa Avendano | @dzIQ990",@inquirerdotnet
12/8/12 6:11,"#PabloPH Signal # 1: Cagayan including Calayan and Babuyan Group of Islands, Batanes Group of Islands, Abra | via @dost_pagasa (1/2)",@gmanews
12/8/12 0:33,"#PabloPH Sig2: IlocosNorte, IlocosSur, La Union. Sig1: Cagayan, Calayan, Babuyan, Batanes, Abra, Apayao, Kalinga,Benguet,Pangasinan,Zambales",@24OrasGMA
12/8/12 0:29,"Signal No. 2: Ilocos Norte, Ilocos Sur, La Union #PabloPH",@DZMMTeleRadyo
12/8/12 0:51,"#PabloPH, namataan sa layong 85 kilometero kanluran ng Laoag City. | via @dost_pagasa",@DZMMTeleRadyo
12/16/15 18:32,"JUST IN: Bagyong #Onyok, napanatili ang kanyang lakas habang patuloy na nagbabanta sa Caraga region. | via @glenjuego",@dzbb
10/23/15 6:35,"Bilang ng mga kumpirmadong patay sa hagupit ng Bagyong Lando, umakyat na sa 66, ayon sa NDRRMC. #SuperBalitaSaGabi",@dzbb
10/23/15 3:50,Sa Linggo na inaasahang lalabas ng Philippine Area of Responsibility ang Low Pressure Area na dating bagyong Lando.,@IMReadyPH
10/23/15 2:49,"#TVPatrol Mga residente ng Gabaldon, lumikas agad bago bumaha kaya walang naitalang namatay sa Bagyong Lando",@TVPatrol
10/22/15 21:29,"46 na ang kumpirmadong patay sa bagyong Lando, 16 dito ang mula sa Benguet - DZIQ Radyo Inquirer 990AM https://shar.es/1uIdmv ",@dzIQ990
10/22/15 14:48,"Halos 60 barangay sa Pampanga,lubog pa rin sa baha matapos ang Bagyong Lando. #LandoPH #aksyonsaumaga",@News5AKSYON
10/22/15 3:16,"VIDEO: Mahigit 5,000 bahay, nasira ng bagyong 'Lando'",@gmanewsbreaking
10/22/15 2:31,"#TV5Aksyon | Nueva Ecija provincial hospital, binaha nang manalasa ang bagyong Lando",@News5AKSYON
10/22/15 1:00,"Death toll sa pananalasa ng bagyong â€œLandoâ€ù, 41 sa talaan ng NDRRMC #Breaktime",@dzrhnews
10/21/15 23:08,"VIDEO: Bagyong Lando, tuluyang humina at naging LPA na lang http://gmane.ws/1PBRanB ",@saksi
10/21/15 21:45,"VIDEO: Bagyong Lando, isa na lang LPA ngayon",@gmanewsbreaking
10/21/15 17:26,"VIDEO: Mahigit P6-B, pinsalang idinulot ng Bagyong Lando sa agrikultura http://gmane.ws/1XlaKWl ",@saksi
10/21/15 14:36,"Ilang taniman sa Nueva Ecija,napuno ng bato at troso dahil sa bagyong Lando. #LandoPH #aksyonsaumaga",@News5AKSYON
10/21/15 14:28,"16,000 pamilya sa Aurora,apektado ng Bagyong Lando. #LandoPH #aksyonsaumaga @jcdongon",@News5AKSYON
10/26/15 3:15,"#TVPatrol La Union, isinailalim sa state of calamity dahil sa pinsalang dulot ni #LandoPH",@TVPatrol
10/26/15 3:14,"#TVPatrol Patay sa Cordillera dahil kay #LandoPH, umabot na sa 27",@TVPatrol
10/26/15 3:14,"#TVPatrol 6 bahay, nahulog sa man-made tunnel sa Itogon, Benguet",@TVPatrol
10/23/15 3:16,"#TVPatrol Ilang barangay sa Calumpit, Bulacan, lubog pa rin sa baha dahil sa Bagyong #LandoPH",@TVPatrol
10/23/15 3:14,"#TVPatrol LPA na dating Bagyong #LandoPH, hindi na makaaapekto sa bansa sa weekend",@TVPatrol
10/22/15 19:56,"Mga namatay sa bagyong #LandoPH, umakyat na sa 46. â€” NDRRMC",@dzbb
10/22/15 19:45,"Bilang ng mga nasawi sa pananalasa ng bagyong #LandoPH, umakyat na sa 46; 82 naman ang sugatan. | via @mamutuesdayniu",@dzbb
10/22/15 17:23,"#LandoPH's toll: 43 dead, 78 injured, P7.5 billion in damage http://cnn.ph/1NqxFuT ",@cnnphilippines
10/22/15 17:20,"FLASH: State of calamity, idineklara na sa lalawigan ng La Union dahil sa pinsala ng bagyong #LandoPH. â€” La Union disaster officer",@dzbb
10/22/15 13:40,"Low pressure area [dating bagyong #LandoPH], huling namataan sa layong 285 km silangan ng Basco, Batanes, ayon sa @dost_pagasa.",@dzbb
10/22/15 5:52,"Mag-asawa at 2 nilang apo, nasawi habang lumilikas sa bahang dulot ni #LandoPH http://gmane.ws/1kuSn3f ",@gmanews
10/21/15 20:14,"Bagyong #LandoPH, sumira ng aabot sa 18,000 bahay sa mga lalawigang naapektuhan nito, ayon kay NDRRMC spokesperson Marasigan.",@dzbb
10/21/15 19:13,"11AM: Huling nakita ng @dost_pagasa ang LPA (dating #LandoPH sa layong 230 km Silangan ng Basco, Batanes",@IMReadyPH
12/26/11 14:28,"Bilang ng nasawi sa pananalasa ng Bagyong Sendong, umakyat na sa 1,453 as of 6am, Dec. 27 (via @UnangHirit)",@gmanews
12/25/11 14:59,"Patay sa Bagyong Sendong, pumalo na sa 1,236 http://bit.ly/sLI40z ",@DZMMTeleRadyo
12/17/11 21:04,"RDRRMC: Patay sa Dumaguete City dahil sa bagyong Sendong, umabot na sa 34 http://bit.ly/ufLrhQ  http://fb.me/1tRlB28Bh ",@DZMMTeleRadyo
12/17/11 6:24,"Bagyong Sendong, bumagal habang papalapit sa Palawan http://bit.ly/uyxTYe  http://fb.me/18qWzu2IE ",@DZMMTeleRadyo
12/15/14 17:46,@NDRRMC_OpCen: Batangas under state of calamity due to #RubyPH http://gmane.ws/1A0eBOh  | via @gmanews,@IMReadyPH
12/11/14 1:37,"#AKSYON: Bilang ng mga nasawi dahil kay Bagyong Ruby, umakyat na sa 18",@News5AKSYON
12/9/14 7:21,"VIDEO: Batangas, isinailalim na sa state of calamity dahil sa pinsalang dulot ng Bagyong Ruby http://gmane.ws/1B5b7cb ",@gmanewsbreaking
12/9/14 6:22,"VIDEO: Higit 20,00 na pamilya sa Nabua, Camarines Sur, apektado ng Bagyong Ruby http://gmane.ws/1D3xOlG ",@gmanewsbreaking
12/8/14 19:55,VIDEO: Red Cross: 23 namatay dulot ng Bagyong Ruby http://gmane.ws/1D1F01M ,@gmanewsbreaking
12/8/14 16:18,"VIDEO: Bagyong Ruby, nag-landfall na sa Lubang, Occidental Mindoro",@gmanewsbreaking
12/8/14 4:19,"VIDEO: Bagyong Ruby, nag-landfall sa Batangas kaninang 5:45 PM http://gmane.ws/1ASvVDK ",@gmanewsbreaking
12/7/14 20:29,"VIDEO: Yellow rainfall warning, nakataas sa ilang lugar sa Luzon dahil sa Bagyong Ruby",@gmanewsbreaking
3/22/16 23:24,#EarthquakePH Information No. 1 23 Mar 2016 - 02:59 PM Location: Marihatag (Surigao Del Sur) Magnitude: 3.1,@philredcross
3/22/16 5:39,#EarthquakePH Information No.1 22Mar-09:16PM Location:San Julian (Eastern Samar) Magnitude: 2.6 |via @phivolcs_dost,@philredcross
3/12/16 9:14,#EarthquakePH Information No. 1 13Mar-01:51PM Magnitude:4.7 Location: Paracle (Camarines Norte) | via @phivolcs_dost,@philredcross
3/5/16 22:24,#EarthquakePH Information No. 1 Magnitude: 2.2 Location: Mamburao (Occidental Mindoro) | via @phivolcs_dost,@philredcross
3/4/16 19:32,#EarthquakePH Information No. 1 Date and Time: 05 Mar 2016 - 11:58 AM Magnitude: 2.4 Location: Calatagan (Batangas),@philredcross
3/1/16 14:25,#EarthquakePH Information No. 1 Magnitude = 2.6 Location: Anda (Bohol) | via @phivolcs_dost,@philredcross
3/1/16 7:12,#EarthquakePH Information No. 1 Date and Time: 01 Mar 2016 - 11:45 PM Magnitude: Ms 3.1 Location: Calayan (Cagayan),@philredcross
2/22/16 5:24,#EarthquakePH Information No. 2 Location: Calatagan (Batangas) Depth: 091 Magnitude: Ms 4.4 | via @phivolcs_dost,@philredcross
2/16/16 0:55,#EarthquakePH Information No. 2 Location:Burgos(Surigao Del Norte) Depth: 011 Magnitude: Ms 3.1 | via @phivolcs_dost,@philredcross
2/13/16 11:43,#EarthquakePH Information No. 1 Location: Silago (Southern Leyte) Depth: 202 Magnitude: Ms 4.7 | via @phivolcs_dost,@philredcross
2/13/16 2:09,#EarthquakePH Info No. 1 Date and Time: 13 Feb 2016 - 06:38 AM Location: Currimao (Ilocos Norte) Magnitude: Ms 3.7,@philredcross
2/9/16 16:47,#EarthquakePH Information No. 1 Location: Infanta (Pangasinan) Depth: 027 Magnitude: Ms 2.7 | via @phivolcs_dost,@philredcross
2/8/16 6:47,#EarthquakePH Information No.1 Location: Jose Abad Santos (Davao Occidental) Magnitude: Ms 4.0 | via @phivolcs_dost,@philredcross
2/6/16 19:23,#EarthquakePH Information No. 1 Magnitude = 3.4 Depth = 13km Location = San Francisco (Quezon) | via @phivolcs_dost,@philredcross
1/22/16 20:07,#EarthquakePH Information No. 1 Magnitude: MS 3.3 Location: Marcelino (Davao Occidental) | via @phivolcs_dost,@philredcross
1/9/16 22:43,#EarthquakePH Information No. 1 Magnitude = 3.1 Location = Bolinao (Pangasinan) | via @phivolcs_dost,@philredcross
12/8/12 0:34,"Posibleng mag-landfall ang #PabloPH sa extreme northern Luzon bukas. Ito ay nasa 230km W Sinait, Ilocos Sur",@24OrasGMA
12/7/12 18:03,"FLASH REPORT: State of national calamity, idineklara na ni PNoy sa ilalim ng Proclamation 522 #PabloPH",@DZMMTeleRadyo
12/7/12 2:37,"NDRRMC: 456 patay mula sa 13 probinsya at isang lungsod; 533, nawawala; 445, sugatan. #PabloPH",@24OrasGMA
12/7/12 13:07,"UPDATE: Bagyong #PabloPH Patay - 418, Nawawala - 383, Sugatan - 445 (NDRRMC as of 5am, Dec. 7) #UnangHirit",@UnangHirit
12/6/12 12:38,"Bagyong #PabloPH: Patay - 331 , Nawawala - 380 , Sugatan - 437 (NDRRMC as of 7pm, Dec. 6) #UnangHirit",@UnangHirit
12/6/12 1:35,"NDRRMC: 332, naitalang patay sa paghagupit ng Bagyong #PabloPH",@24OrasGMA
12/6/12 0:09,PAGASA: Location: #PabloPH 400km west of Coron as of 4PM.,@ANCAlerts
7/7/12 19:21,"#UPDATE (11AM,08 JULY 16) Huling namataan ang bagyong #ButchoyPH, 260km Northwest ng Itbayat, Batanes I @dost_pagasa",@dzrhnews
10/16/13 23:58,"Samantala, ilang bahagi ng Nueva Ecija, brownout pa rin dahil sa pinsalang dulot ng Bagyong #SantiPH",@GMA_BP
10/16/13 23:19,DEPED: #walangpasok sa lahat ng antas sa buong Nueva Ecija hanggang Oct. 18 dahil sa pinsalang iniwan ng bagyong #SantiPH,@ukgdos
10/15/13 4:00,"#KapusongTotoo: Nakapaghandog po tayo ng tulong sa 1,000 pamilyang nasalanta ng Bagyong #SantiPH sa bayan ng Dingalan sa Aurora.",@24OrasGMA
10/14/13 23:01,"VIDEO: Bagyong #SantiPH, nakalabas na ng PAR pero nag-iwan ng matinding pinsala http://gmane.ws/19JR1rX  | Ulat ni @raffytima.",@stateofdnation
10/14/13 15:35,Halaga ng napinsalang palay sa pananalasa ng bagyong #SantiPH umabot na sa P2-B. #SuperBalitasaUmagaNationwide,@dzbb
10/14/13 13:23,"#UKG BALITA: Buong lalawigan ng Aurora, wala pa ring kuryente dahil sa pananalasa ng bagyong #SantiPH",@ukgdos
10/14/13 7:29,"Nueva Ecija, isinailalim sa state of calamity dahil sa pinsala ng Bagyong #SantiPH; San Miguel, Bulacan, nasa state of calamity na rin",@saksi
10/14/13 7:33,"Lima ang nasawi sa buong lalawigan ng Nueva Ecija, na nasa state of calamity na ngayon.",@saksi
10/14/13 5:16,"Dahil din sa Bagyong #Santi kaya nagbagsakan sa mga bahay ang ilang mga puno sa Iba, Zambales.",@saksi
10/14/13 5:16,"Matapos ang bagyong #SantiPH, isa namang bagong bagyo ang pumasok sa PAR, ang bagyong Tino. May ulat-panahon si @mang_tani ng @GMAWeather.",@stateofdnation
10/14/13 5:18,"Base sa track ng @dost_pagasa at Weather Central, dadaan lang sa dulo ng PAR ang bagyong #TinoPH at hindi nakikitang tatama sa kalupaan.",@stateofdnation
10/14/13 5:12,"Ilang bahay sa San Miguel, Bulacan, gumuho dahil sa hagupit ng bagyong #SantiPH.",@stateofdnation
10/14/13 5:15,"Ayon sa PDRRMC, sa Nueva Ecija, umabot sa P3-B ang natamong pinsala sa agrikultura. Habang P300-M naman ang sa mga imprastraktura.",@stateofdnation
10/14/13 3:05,"Matinding baha, naranasan sa Aurora kung saan nag-landfall ang Bagyong #SantiPH. Nakatutok si @Tricia_Zafra.",@24OrasGMA
10/14/13 3:06,"Sa Isabela, umapaw ang Cagayan River kaya't hindi na madaanan ang isang tulay na nagdurugtong sa Santa Maria at Cabagan.",@24OrasGMA
10/14/13 1:43,"Lalawigan ng Nueva Ecija, inihihingi ng agarang tulong matapos tamaan ng Bagyong #SantiPH. | via @wengsalvacion",@dzbb
10/14/13 23:45,"NDRRMC: Mahigit 150,000 pamilya ang apektado sa pananalasa ng Bagyong #SantiPH. Makibalita tayo kay @Tricia_Zafra.",@GMA_BP
10/13/13 11:22,"Aerial operations sa Catanduanes, isinasagawa para sa ilang nawawalang mangingisda dahil sa pananalasa ng Bagyong #SantiPH | @mamutuesdayniu",@dzbb
10/13/13 20:07,"Pinsala sa agrikultura ng bagyong #SantiPH, pumalo sa mahigit P3-B. #SuperBalitasaTanghaliNationwide",@dzbb
10/13/13 20:24,"Lalaki, patay matapos madaganan ng puno nang humagupit ang Bagyong #SantiPH sa Zambales. May #UlatOnTheSpot si @victoriatulad, EXCLUSIVE.",@Balitanghali11
10/12/13 21:58,@MMDA tumulong na sa pagaalis ng mga nabuwal na puno sa Nueva Ecija #SantiPH http://instagram.com/p/fZXtccp_py/  | via @junyeeloyola,@news5AKSYON
10/12/13 20:23,"EXCLUSIVE: Dinalungan, Aurora, na-isolate dahil sa nagbagsakang mga poste, puno at rumaragasang baha dulot ng Bagyong #SantiPH @dantegmanews",@Balitanghali11
10/12/13 20:15,"Bagyong #SantiPH: 3 patay, 5 sugatan, 3 nawawala. 46,295 pamilya ang apektado sa 16 probinsya sa Luzon ",@IMReadyPH
10/12/13 18:26,"TY #SantiPH, nakalabas na ng PAR, ayon sa @dost_pagasa. Mula kagabi, wala nang nakataas na public storm warning signals sa bansa #NewsTVLive",@IMReadyPH
10/12/13 15:34,"#SantiPH, palabas na ng PAR ngayong umaga; panibagong bagyo, inaasahang papasok bukas",@DZMMTeleRadyo
10/12/13 6:47,Mahigit 2 Million katao naapektuhan ni bagyong #SantiPH,@BomboRadyoNews
10/12/13 6:47,"Generator sets, ipinadala sa mga nawalan ng supply ng koryente - DSWD #SantiPH",@BomboRadyoNews
10/12/13 2:56,"#SantiPH, bumagal habang nasa West PH Sea; signal no. 1, nakataas pa rin sa 2 lugar http://bit.ly/19sDKC7  http://fb.me/2ViK4VpFu ",@DZMMTeleRadyo
10/12/13 2:40,"NDRRMC: Patay sa hagupit ng Bagyong #SantiPH, 12 na; 3 nawawala http://bit.ly/17wH6B3  http://fb.me/MoSHdn5F ",@DZMMTeleRadyo
10/11/13 21:48,"Heavy Rainfall Warning No. 10 (FINAL) Weather System: Typhoon â€œ#SantiPHâ€ù Issued at: 2:00 PM, 12 October 2013... http://fb.me/26kMfZA3k ",@dost_pagasa
10/11/13 20:01,"#SantiPH, nasa West PH Sea na; signal no. 1, nakataas na lang sa Zambales at Bataan http://bit.ly/1fr8Vnw  http://fb.me/3lJtDmhkt ",@DZMMTeleRadyo
10/11/13 19:13,"NDRRMC: 3 patay, 4 nawawala sa pananalasa ng Bagyong #SantiPH | via @glenjuego @dzbb",@gmanews
10/11/13 17:58,"Typhoon Santi, humina; storm signals, nakataas pa rin sa 21 lugar http://bit.ly/166iwaK  #SantiPH",@TVPatrol
10/11/13 17:56,"#SantiPH Update: Sa huling taya ng Dost_pagasa, nasa 60 kilometers West of Iba, Zambales ang mata ng Bagyong... http://fb.me/2z5rpOVEk ",@IMReadyPH
8/13/16 6:31,"#SantiPH Storm Warning Signals Update: Signal No. 1 naman sa Metro Manila, Ilocos Sur, Mountain Province, Ifugao,... http://fb.me/2yzreo7rW ",@IMReadyPH
10/11/13 16:46,"Yellow Rainfall Advisory: Metro Manila, Laguna, Cavite, Batangas, Northern Quezon, Bulacan, Pampanga, Tarlac, Bataan & Zambales #SantiPH,",@dzIQ990
6/8/16 0:54,#EarthquakePH #EarthquakeNegrosOccidental Earthquake Information No. 1 Date and Time: 18 June 2016 04:40 PM... http://fb.me/4f9lEIVYS ,@phivolcs_dost
8/13/16 6:31,"JUST IN: Niyanig ng 5.0 magnitude na lindol ang Biliran, ayon sa @phivolcs_dost.",@gmanewsbreaking
8/13/16 6:30,"JUST IN: Magnitude 5 na lindol naganap sa North East ng Culaba, Biliran kaninang pasado 10pm. | via @Dennis_Datu",@ABSCBNNews
8/10/16 2:47,"Sarangani, Davao Occidental niyanig ng mag 4 na lindol kaninang 5:52 ng umaga | @phivolcs_dost",@dzIQ990
8/6/16 3:21,"Magnitude 5.4 na lindol naitala sa 15km NE ng Gensan, 5:08pm Sabado; intensity 4 na pagyanig, naramdaman  |@dzmmRP45",@DZMMTeleRadyo
7/29/16 20:38,"Niyanig ng magnitude 7.7 na lindol ang eastern Pacific Ocean kaninang 5 AM, oras sa Pilipinas.",@Balitanghali11
7/29/16 20:13,"Northern Marianas, niyanig ng magnitude 7.7 na lindol! #SuperBalitaSaTanghaliSabado",@dzbb
7/27/16 20:24,"#RadyoPatrol Ormoc City, niyanig ng magnitude 5.2 na lindol",@DZMMTeleRadyo
7/27/16 20:21,"Magnitude 5.2 lindol, tumama sa Ormoc City | Balitaan live http://cnn.ph/1LXc9jG ",@cnnphilippines
7/26/16 19:48,"Magnitude 4.7 na lindol, yumanig sa Surigao Del Norte - DZIQ Radyo Inquirer 990AM https://shar.es/1ZpnSa  | @jay_dones",@dzIQ990
8/14/16 15:06,".@dost_pagasa: (As of 7AM) Mahina hanggang katamtamang pag-ulan, nararanasan sa Cavite, Batangas, Rizal",@DZMMTeleRadyo
8/14/16 15:04,".@dost_pagasa: (As of 7AM) Yellow rainfall warning, nakataas sa Zambales at Bataan.",@DZMMTeleRadyo
8/14/16 14:16,"(2/2) 2,400 km East Northeast ng extreme Northern Luzon na nagpapalakas ng ating habagat.",@DZMMTeleRadyo
8/13/16 22:05,NDRRMC: 5 patay sa hagupit ng habagat http://bit.ly/2beWZcT ,@DZMMTeleRadyo
8/13/16 20:05,#RadyoPatrol NDRRMC: 4 patay sa pag-ulan sa Metro Manila,@DZMMTeleRadyo
8/13/16 6:34,"Magnitude 5 na lindol naganap sa North East ng Culaba, Biliran kaninang pasado 10PM | via @Dennis_Datu",@DZMMTeleRadyo
8/13/16 6:18,"QC DRRMO: 1 patay, higit 3,500 lumikas sa lungsod ng Quezon dahil sa mga pagbaha bunsod ng habagat | via @dzmmRP45",@DZMMTeleRadyo
8/12/16 20:05,#RadyoPatrol PAGASA: Luzon at Visayas uulanin pa rin sa susunod na 5 araw,@DZMMTeleRadyo
8/12/16 19:58,"PAGASA: Yellow Warning: The rest of Metro Manila, Rizal, N. Ecija, Bataan, Tarlac",@ABSCBNNews
8/12/16 17:12,"Yellow Warning nakataas rin sa Metro Manila, Rizal, Nueva Ecija, Bataan, Tarlac #WeatherPatrol",@DZMMTeleRadyo
8/12/16 17:12,"(As of 9AM), PAGASA itinaas ang Orange Warning Zambales, Pampanga, Bulacan. #WeatherPatrol",@DZMMTeleRadyo
8/12/16 9:03,".@dost_pagasa: (As of 1AM) Yellow rainfall warning, nakataas sa Zambales, Bataan, Tarlac, Bulacan, at Pampanga.",@DZMMTeleRadyo
8/12/16 9:01,".@dost_pagasa: (As of 1AM) Orange rainfall warning, nakataas sa Metro Manila, Batangas, Cavite, at Rizal.",@DZMMTeleRadyo