Date ,Tweet,,,,,,,,,,Mention
6/10/16 11:30,FLASH: Nueva Vizcaya niyanig ng magnitude 4.8 na lindol kaninang 2:52 ng madaling araw. | via @phivolcs_dost,,,,,,,,,,@dzrhnews
3/23/16 15:24,#EarthquakePH Information No. 1 23 Mar 2016 - 02:59 PM Location: Marihatag (Surigao Del Sur) Magnitude: 3.1,,,,,,,,,,@philredcross 
3/22/16 21:39,#EarthquakePH Information No.1 22Mar-09:16PM Location:San Julian (Eastern Samar) Magnitude: 2.6 |via @phivolcs_dost,,,,,,,,,,@philredcross 
3/5/16 12:32,#EarthquakePH Information No. 1 Date and Time: 05 Mar 2016 - 11:58 AM Magnitude: 2.4 Location: Calatagan (Batangas),,,,,,,,,,@philredcross 
6/6/16 21:28,#EarthquakePH #EarthquakeDavaoOccidental Earthquake Information No. 1 Date and Time: 06 June 2016 - 09:10 PM...,,,,,,,,,,@phivolcs_dost
5/23/16 5:05,#EarthquakePH #EarthquakePangasinan Earthquake Information No. 1 Date and Time: 23 May 2016 - 04:39 AM Magnitude...,,,,,,,,,,@phivolcs_dost
4/18/16 2:34,#EarthquakePH #EarthquakeSurigaoDelSur Earthquake Information No. 1 Date and Time: 18 Apr 2016 - 02:21 AM..,,,,,,,,,,@phivolcs_dost
4/17/16 20:48,#EarthquakePH #EarthquakeTarlac Earthquake Information No. 1 Date and Time: 17 Apr 2016 - 08:24 PM Magnitude =...,,,,,,,,,,@phivolcs_dost
3/30/16 2:24,#EarthquakePH #EarthquakeCagayan Earthquake Information No. 1 Date and Time: 30 Mar 2016 - 02:07 AM Magnitude =...,,,,,,,,,,@phivolcs_dost
3/16/16 20:05,#EarthquakePH Information No. 1 16Mar-07:39pm Magnitude: 3.4 Location: San Esteban (Ilocos Sur) | via @phivolcs_dost,,,,,,,,,,@philredcross 
3/13/16 14:14,#EarthquakePH Information No. 1 13Mar-01:51PM Magnitude:4.7 Location: Paracle (Camarines Norte) | via @phivolcs_dost,,,,,,,,,,@philredcross 
3/7/16 20:12,#EarthquakePH #EarthquakeNueva Vizcaya Earthquake Information No. 1 Date and Time: 07 Mar 2016 - 07:45 PM..,,,,,,,,,,@phivolcs_dost
3/6/16 15:24,#EarthquakePH Information No. 1 Magnitude: 2.2 Location: Mamburao (Occidental Mindoro) | via @phivolcs_dost,,,,,,,,,,@philredcross 
3/5/16 12:32,#EarthquakePH Information No. 1 Date and Time: 05 Mar 2016 - 11:58 AM Magnitude: 2.4 Location: Calatagan (Batangas),,,,,,,,,,@philredcross 
8-May-16,"#Dodong Signal no. 1; Rest of Aurora, Abra, Ilocos Sur/Norte, Benguet, Nueva Ecija, Nueva Vizcaya",,,,,,,,,,@dzbb
2-Mar-15,Bagyong #Chedeng inaasahan hindi makakaapekto sa Romblon dahil sa kanyang paghina,,, ,,,,,,,@RomblonNews
4-Mar-15,24 #Oras: #Pagasa: #Lumabas na ng par ang lpa na #Dating #Bagyong ,,,,,,,,,,@newsinvideos
"March 6,2015","Mga #Tinamaan ni '#Chedeng', #walang #Naiulat na #Sugatan o #Sawi",,,,,,,,,,@newsinvideos
"March 5,2016",UB: #NDRMMC: #Zero #Casualty sa #Bagyong #Chedeng,,,,,,,,,,@newsinvideos
"March 5,2016","#Bagyong #chedeng,isa nang low #pressure #Area",,,,,,,,,,@newsinvideos
"March 4,2016","#Isabela, #Makulimlim na #Dahil kay '#Chedeng'",,,,,,,,,,@nes
3/3/16,"11AM dost_pagasa Bulletin: Typhoon #Chedeng, bahagyang bumilis habang papalapit sa Isabela-Aurora via DZMM",,,,,,,,,,@BalitaNgayon
"March 3,2016",BT: #Malakas na #ulang #Dala ng #bagyong #Papangalanang '#Chedeng',,,,,,,,,,@newsinvideos
7-Jul-15,"Pinsala ng bagyong #Egay,umabot na ng P165-M ayon sa @NDRRMC_OpCen | via @AdmarV26",,,,,,,,,,@DZAR1026
7-Jul-15,"Breaking: Bagyong #FalconPh, nakapasok na ng PAR kaninang 9:30PM",,,,,,,,,,@dost_pagasa
7/5/15 0:46,"NDRRMC Operation Center, isinailalim na sa red alert #Egay PH ",,,,,,,,,,@brigadadotph
7/4/15 16:13,#Superbalita headline: Bagyong #Egay inaasahang muling magla-landfall sa Batanes!,,,,,,,,,,@dzbb
7/4/15 16:12,"#Superbalita headline: Bagyong #Egay, hindi gumagalaw sa loob ng 6 oras matapos maglandfall sa Palanan, Isabela kagabi.",,,,,,,,,,@dzbb
7/4/15 7:59,"PSWS #2 > Kalinga, Apayao, Isabela, Quirino, Northern Aurora, Cagayan including Babuyan and Calayan Grp. of Islands. ll @dost_pagasa #Egay",,,,,,,,,,@dzrhnews
7/2/15 20:00,"Bagyong '#Egay', napanatili ang lakas habang palapit sa northern Luzon #RHBalitaAgad",,,,,,,,,,@dzrhnews
3/2/16 8:27,#EarthquakePH Info No. 1 02Mar2016-08:03AM Location: Burgos (Surigao Del Norte) Magnitude: 3.8 | via @phivolcs_dost,,,,,,,,,,@philredcross 
10/31/1612:33PM,"24 #Oras: Mahigit 100,000 #Nasalanta ng #Bagyong #lando, #Hinatiran ng tulong ng Kapuso Foundation",,,,,,,,,,@newsinvideos
6/7/16 4:42,#EarthquakePH #EarthquakeDavaoOccidental Earthquake Information No. 1 Date and Time: 07 June 2016 - 08:23 PM... http://fb.me/1jN6XkLqd ,,,,,,,,,,@phivolcs_dost
3/2/16 7:25,#EarthquakePH Information No. 1 Magnitude = 2.6 Location: Anda (Bohol) | via @phivolcs_dost,,,,,,,,,,@philredcross 
3/2/16 0:12,#EarthquakePH Information No. 1 Date and Time: 01 Mar 2016 - 11:45 PM Magnitude: Ms 3.1 Location: Calayan (Cagayan),,,,,,,,,,@philredcross 
2/22/16 22:24,#EarthquakePH Information No. 2 Location: Calatagan (Batangas) Depth: 091 Magnitude: Ms 4.4 | via @phivolcs_dost,,,,,,,,,,@philredcross 
6/6/16 5:59,#EarthquakePH #EarthquakeSultanKudarat Earthquake Information No. 1 Date and Time: 06 June 2016 - 09:45 PM... http://fb.me/TJrkPWcr ,,,,,,,,,,@phivolcs_dost
6/6/16 5:28,#EarthquakePH #EarthquakeDavaoOccidental Earthquake Information No. 1 Date and Time: 06 June 2016 - 09:10 PM... http://fb.me/5CPPv5H0h ,,,,,,,,,,@phivolcs_dost
10/6/16 15:50,"#Bagyong #lando, #inaasahang magla-landfall sa Isabel-Aurora area sabado ng gabi o linggo ng umaga",,,,,,,,,,@newsinvideos
5/6/16 18:37,#EarthquakePH #EarthquakeIlocosSur Earthquake Information No. 1 Date and Time: 06 June 2016 - 09:56 AM Magnitude... http://fb.me/46i4KmMT4 ,,,,,,,,,,@phivolcs_dost
6/5/16 17:29,#EarthquakePH #EarthquakeEasternSamar Earthquake Information No. 1 Date and Time: 06 June 2016 - 09:03 AM... http://fb.me/ChyG8Q3k ,,,,,,,,,,@phivolcs_dost
6/5/16 13:48,#EarthquakePH #EarthquakeNegrosOccidental Earthquake Information No. 1 Date and Time: 06 June 2016 - 05:17 AM... http://fb.me/51EkU6wAy ,,,,,,,,,,@phivolcs_dost
12/18/15 19:22,"#Bagyong #Onyok, #inaasahan #tatama sa #Davao #Oriental",,,,,,,,,,@gmanews
6/6/16 11:10,#EarthquakePH #EarthquakeMountainProvince Earthquake Information No. 1 Date and Time: 06 June 2016 - 02:41 AM... http://fb.me/1bn0gT4Ma ,,,,,,,,,,@phivolcs_dost
6/6/16 9:38,#EarthquakePH #EarthquakeDavaoOriental Earthquake Information No. 1 Date and Time: 06 June 2016 - 01:13 AM... http://fb.me/W4ek1Uwt ,,,,,,,,,,@phivolcs_dost
6/9/16 21:43,"Nicaragua, niyanig ng magnitude 6.1 na lindol - DZIQ Radyo Inquirer 990AM",,,,,,,,,,@RadyoInquirer990AM
6/5/16 11:07,#EarthquakePH #EarthquakeBataan Earthquake Information No. 1 Date and Time: 05 June 2016 - 02:29 AM Magnitude =... http://fb.me/3OMJ3jQG0 ,,,,,,,,,,@phivolcs_dost
12/16/14 10:46,.@NDRRMC_OpCen: Batangas under state of calamity due to #RubyPH http://gmane.ws/1A0eBOh  | via @gmanews,,,,,,,,,,@IMReadyPH
6/4/16 5:38,#EarthquakePH #EarthquakeSurigaoDelNorte Earthquake Information No. 1 Date and Time: 04 June 2016 - 09:12 PM... http://fb.me/2NV68t7EL ,,,,,,,,,,@phivolcs_dost
6/4/16 1:27,#EarthquakePH #EarthquakeBohol Earthquake Information No. 1 Date and Time: 04 June 2016 - 05:07 PM Magnitude =... http://fb.me/16C0dA8zK ,,,,,,,,,,@phivolcs_dost
6/4/16 1:09,#EarthquakePH #EarthquakeSurigaodelNorte Earthquake Information No. 1 Date and Time: 04 June 2016 - 05:53 PM... http://fb.me/2j7zBZU0I ,,,,,,,,,,@phivolcs_dost
6/4/16 0:43,#EarthquakePH #EarthquakeSurigaodelNorte Earthquake Information No. 1 Date and Time: 04 June 2016 - 04:20 PM... http://fb.me/1fZKAr1CE ,,,,,,,,,,@phivolcs_dost
12/13/14 7:13,"#RadyoPatrol Halaga ng pinsalang idinulot ni #RubyPH, umabot na sa P3.3 bilyon",,,,,,,,,,@DZMMTeleRadyo
6/3/16 20:33,#EarthquakePH #EarthquakeOccidentalMindoro Earthquake Information No. 1 Date and Time: 04 June 2016 - 12:09 PM... http://fb.me/455AAzbIo ,,,,,,,,,,@phivolcs_dost
6/3/16 16:14,#EarthquakePH #EarthquakeOccidentalMindoro Earthquake Information No. 1 Date and Time: 04 June 2016 - 8:03 AM... http://fb.me/2cj9KEJMP ,,,,,,,,,,@phivolcs_dost
6/3/16 12:14,#EarthquakePH #EarthquakeOccidentalMindoro Earthquake Information No. 1 Date and Time: 04 June 2016 - 3:50 AM... http://fb.me/4JR1fTX23 ,,,,,,,,,,@phivolcs_dost
1/10/16 3:47,"#Mindanao, #Binaha #Dahil sa #Bagyong '#Onyok'",,,,,,,,,,@ABSCBNNews
6/3/16 12:13,#EarthquakePH #EarthquakeSurigaoDelSur Earthquake Information No. 1 Date and Time: 04 June 2016 - 3:49 AM... http://fb.me/2HEGcXMeD ,,,,,,,,,,@phivolcs_dost
6/3/16 9:59,#EarthquakePH #EarthquakeNorthernSamar Earthquake Information No. 2 Date and Time: 04 June 2016 - 1:13 AM... http://fb.me/2gOZgGl3W ,,,,,,,,,,@phivolcs_dost
6/3/16 9:58,#EarthquakePH #EarthquakeNorthernSamar Earthquake Information No. 1 Date and Time: 04 June 2016 - 1:13 AM... http://fb.me/1dLwsHWZy ,,,,,,,,,,@phivolcs_dost
6/2/16 21:33,#EarthquakePH #EarthquakeAgusanDelNorte #iFelt_AgusanDelNorte Earthquake Information No. 2 Date and Time: 02 June... http://fb.me/1m7wgDIXA ,,,,,,,,,,@phivolcs_dost
7/11/16 16:19,"#SuperBalitaSaHapon: China, binabayo ngayon ng Bagyong Chan-hom na tinawag na Bagyong #FalconPH dito sa Pilipinas.",,,,,,,,,,@dzbb
6/3/16 9:56,#EarthquakePH #EarthquakeIsabela Earthquake Information No. 1 Date and Time: 04 June 2016 - 12:50 AM Magnitude =... http://fb.me/2MxE03213 ,,,,,,,,,,@phivolcs_dost
6/3/16 5:18,#EarthquakePH #EarthquakeOccidentalMindoro Earthquake Information No. 1 Date and Time: 03 June 2016 - 8:56 PM... http://fb.me/15GmJ6nVR ,,,,,,,,,,@phivolcs_dost
12/16/15 18:32,"JUST IN: Bagyong #Onyok, napanatili ang kanyang lakas habang patuloy na nagbabanta sa Caraga region.",,,,,,,,,,@dzbb
6/3/16 4:51,#EarthquakePH #EarthquakeBatanes Earthquake Information No. 2 Date and Time: 03 June 2016 - 7:50 PM Magnitude =... http://fb.me/8aLBO3Xz7 ,,,,,,,,,,@phivolcs_dost
6/2/16 19:32,#EarthquakePH #EarthquakeSurigaoDelSur Earthquake Information No. 1 Date and Time: 03 June 2016 - 11:13 AM... http://fb.me/5icL14Hci ,,,,,,,,,,@phivolcs_dost
7/11/15 16:19,"#SuperBalitaSaHapon: Daan-daang libong residente sa China, inilikas bilang pag-iingat sa bagyo. http://gmanetwork.com/radio/streaming ",,,,,,,,,,@dzbb
12/16/15 0:52,"#Onyok, inaasahang tatama sa silangang bahagi ng MIndanao, Biyernes ng hapon",,,,,,,,,,@DZMMTeleRadyo
6/2/16 1:15,#EarthquakePH #EarthquakePangasinan Earthquake Information No. 1 Date and Time: 02 June 2016 - 04:59 PM Magnitude... http://fb.me/6294xjlaI ,,,,,,,,,,@phivolcs_dost
6/1/16 23:45,#EarthquakePH #EarthquakeCagayan Earthquake Information No. 1 Date and Time: 02 June 2016 - 03:22 PM Magnitude =... http://fb.me/2gLWeOMbb ,,,,,,,,,,@phivolcs_dost
6/1/16 22:29,#EarthquakePH #EarthquakeOccidentalMindoro Earthquake Information No. 1 Date and Time: 02 June 2016 - 02:11 PM... http://fb.me/CKYvyksm ,,,,,,,,,,@phivolcs_dost
7/11/15 4:05,Typhoon #FalconPH umalis na ng bansa ngunit habagat patuloy na magpapaulan sa malaking bahagi ng bansa. #MagandangUmagaPilipinas,,,,,,,,,,@dzrhnews
6/1/16 21:57,#EarthquakePH #EarthquakeSurigaoDelSur Earthquake Information No. 1 Date and Time: 02 June 2016 - 01:42 PM... http://fb.me/1aK8VhWJA ,,,,,,,,,,@phivolcs_dost
6/9/16 17:07,"#LINDOL - Magnitude 5 (3:54AM) - 12 km SW of Ambaguio, Nueva Vizcaya",,,,,,,,,,@IMReadyPH
7/10/15 8:48,"#walangpasok #FalconPH | July 11, SATURDAY | VALENZUELA | All Levels, Public & Private | accdg. to Mayor Gatchalian",,,,,,,,,,@IMReadyPH
6/9/16 14:31,"Nueva Vizcaya, niyanig ng magnitude 5 na lindol kaninang madaling araw #ACSBalita",,,,,,,,,,@dzrhnews
6/9/16 13:29,"Nueva Vizcaya, niyanig ng magnitude 4.7 na lindol. #DobolBBalitangBalita",,,,,,,,,,@dzbb
6/9/16 12:57,Robert Tiglao ng @phivolcs_dost: Naramdaman ang lindol sa lakas ng intensity 3 sa Baguio City.,,,,,,,,,,@dzbb
7/10/15 8:45,"#walangpasok #FalconPH | July 10, Friday | MABALACAT, PAMPANGA | All Levels, Public & Private | via @PIA_RIII @PDRRMO_Pampanga",,,,,,,,,,@IMReadyPH
6/9/16 12:57,"Ambaguio, Nueva Vizcaya, niyanig ng magnitude 4.7 na lindol kaninang 3:54am ayon kay Robert Tiglao ng @phivolcs_dost",,,,,,,,,,@dzbb
6/7/16 19:48,"EARLIER: Batangas City, niyanig ng magnitude 2.6 lindol (10:46am)",,,,,,,,,,@dzrhnews
6/3/16 4:16,"JUST IN: Itbayat, Batanes, niyanig ng magnitude 5.3 na lindol kaninang alas 7:50 ng gabi ayon sa @phivolcs_dost",,,,,,,,,,@dzIQ990
5/31/16 11:14,"Occidental Mindoro, niyanig ng magnitude 4.8 na lindol kaninang hatinggabi. | @olanbola",,,,,,,,,,@dzbb 
05/26/1611:18 PM ,"JUST IN: Magnitude 3.8 lindol tumama sa Sagbayan, Bohol (1:48pm)",,,,,,,,,,@dzrhnews
5/23/16 20:37,"Ilocos Sur, niyanig ng magnitude 4.9 na lindol. #SuperBalitaSaTanghaliNationwide",,,,,,,,,,@dzrhnews
5/23/16 17:41,"#LINDOL - Mag. 4.9 - 8km NW of Santa Maria, Ilocos Sur | @phivolcs_dost",,,,,,,,,,@IMReadyPH
5/23/16 17:00,"FLASH REPORT: Magnitude 4.9 na lindol, tumama sa Ilocos Sur alas-7:57 Martes ng umaga | Ulat ni @Dennis_Datu",,,,,,,,,,@DZMMTeleRadyo
5/23/16 16:43,"Magnitude 4.68 na lindol, tumama sa Santa Catalina, Ilocos Sur pasado 7:58 ng umaga, May 24 | via @phivolcs_dost",,,,,,,,,,@dwiz882
5/23/16 16:22,JUST IN: Niyanig ng magnitude 4.6 na lindol ang Santa Catalina (Ilocos Sur) kaninang 7:58 ng umaga | @phivolcs_dost,,,,,,,,,,@dziq990
5/23/16 15:51,"JUST IN: Anahawan, Southern Leyte, niyanig ng mag. 2.9 na lindol; int. II, naramdaman sa San Francisco. Š—” PHIVOLCS",,,,,,,,,,@dzbb
5/23/16 13:23,"Tandag, Surigao del Sur niyanig ng magnitude 3.4 na lindol kaninang 4:19AM | @phivolcs_dost",,,,,,,,,,@dziq990
5/22/16 17:44,"EARLIER: Itbayat, Batanes niyanig ng magnitude 4.2 na lindol (7:58am)",,,,,,,,,,@dzrhnews
5/21/16 4:54,"UPDATED: Burdeos, Quezon, niyanig ng Magnitude 4.4 na lindol alas 7:14 ng gabi. | @phivolcs_dost",,,,,,,,,,@DZBB
7/9/15 17:06,".@dost_pagasa: As of 5:00 pm, nakataas ang YELLOW Rainfall Warning sa Bataan, Zambales at Batangas. #FalconPH",,,,,,,,,,@dzbb
7/9/15 10:54,"Gutter deep na baha sa Lawton, Manila. #FalconPH  | via @Nikobaua http://fb.me/20KcB2AiR ",,,,,,,,,,@DZMMTeleRadyo
6/6/16 23:19,"Trapik, baha resulta ng biglaang pag-ulan - DZIQ Radyo Inquirer 990AM https://shar.es/1JWy5i  | @jay_dones",,,,,,,,,,@dzIQ990
6/6/16 22:23,MORE: Gutter deep na baha sa Pasong Tamo malapit sa Dela Rosa St. sa Makati City.  |via @_jamesJA,,,,,,,,,,@dzbb
5/21/16 3:42,"Burdeos, Quezon, niyanig ng Magnitude 4.5 na lindol; Intensity 3 naramdaman sa QC | via @phivolcs_dost",,,,,,,,,,@DZMMTeleRadyo
5/19/16 22:45,JUST IN: Puerto Gallera niyanig ng magnitude 3.5 na lindol (1:42pm) http://fb.me/2DyDtprD3  I @phivolcs_dost,,,,,,,,,,@dzrhnews
5/17/16 16:48,"Sarangani, Davao Occidental niyanig ng magnitude 4.3 na lindol kaninang 8:27 ng umaga | @RickyBrozas",,,,,,,,,,@dzIQ990
5/15/16 19:41,"Catbalogan, Samar niyanig ng magnitude 4.7 na lindol - DZIQ Radyo Inquirer 990AM https://shar.es/1dbqSi  | @donadominguez",,,,,,,,,,@dzIQ990
5/15/16 19:32,"Nagkaroon ng Mag. 4.7 na lindol sa 32 km NE ng Catbalogan, Samar kaninang 8:07AM. - @phivolcs_dost",,,,,,,,,,@IMReadyPH
5/15/16 13:22,"Kalingalan Caluang, Sulu, niyanig ng magnitude 3.6 na lindol kaninang 4:10 ng umaga | @phivolcs_dost",,,,,,,,,,@phivolcs_dost
5/12/16 17:58,"Sa latest update ng @phivolcs_dost, Mag. 4.3 ang sukat nila sa #lindol na ang sentro ay 30km NE ng Catbalogan, Samar",,,,,,,,,,@IMReadyPH
5/10/16 17:36,LINDOL - Mag. 3.4 (8:34AM) - 23km SW of Mati (Davao Oriental),,,,,,,,,,@IMReadyPH
5/5/16 1:37,"Batanes, niyanig ng 4.5 magnitude na lindol kaninang 4:21pm. | via @wengsalvacion",,,,,,,,,,@dzbb
5/5/16 1:04,"JUST IN: Magnitude 4.4 lindol naitala sa Sarangani,Davao Occidental(4:38PM) http://fb.me/1dGLertlt  I @phivolcs_dost",,,,,,,,,,@dzrhnews
5/5/16 0:40,"Magnitude 3.9 na lindol sa timog-silangan ng Basco, Batanes kaninang 4:21pm  | @dzmmRP45",,,,,,,,,,@DZMMTeleRadyo
4/30/16 23:47,"JUST IN: Magnitude 3.5 lindol sa New Bataan, Compostella Valley (3:22PM) http://fb.me/4ZEdUKsVc  I @phivolcs_dost",,,,,,,,,,@dzrhnews
5/1/16 3:24,"Magnitude 3.8 na lindol, naitala sa Lalawigan ng Quezon. | via @VargasMannysen",,,,,,,,,,@dzbb
4/30/16 23:11,"JUST IN: Magnitude 3.4 lindol naitala sa Sta. Cruz, Zambales (2:09PM)",,,,,,,,,,@dzrhnews
4/28/16 14:14,"Nasugbu, Batangas, niyanig ng magnitude 3.4 na lindol kaninang 5:49AM | @phivolcs_dost",,,,,,,,,,@dzIQ990
4/4/14 5:07,"Bagyong #Domeng sa labas ng PAR, inaasahang papasok sa PInas sa Linggo/Lunes",,,,,,,,,,@twitter_ph
6/6/16 22:22,Gutter deep na baha sa area ng Pasong Tamo malapit sa Herrera St. sa Makati City.  |via @_jamesJA,,,,,,,,,,@dzbb
6/6/16 19:07,"#TVPatrol 2 sa 3 tinangay ng baha sa Majayjay, Laguna, pinaghahanap | via Maira Wallis",,,,,,,,,,@TVPatrol
4/28/16 0:43,"San Policarpo, Eastern Samar, niyanig ng magnitude 4.2 na lindol. | via @phivolcs_dost",,,,,,,,,,@dzbb
5/25/16 23:54,"JUST IN: Magnitude 3.4 lindol naitala sa Burgos, Surigao del Norte (3:30PM)",,,,,,,,,,@dzrhnews
4/23/16 16:42,"EARLIER: Magnitude 3.4 lindol naitala sa Aroroy, Masbate (7:38AM)",,,,,,,,,,@dzrhnews
4/19/16 16:08,"UPDATED: Davao Oriental, niyanig ng magnitude 5 na lindol - DZIQ Radyo Inquirer 990AM",,,,,,,,,,@dzIQ990
04/18/16 12::15 AM,"JUST IN: Magnitude 3.1 lindol naitala sa Basay, Negros Oriental (3:47PM)",,,,,,,,,,@dzrhnews
4/13/16 20:40,"3 ang sugatan, 4 na bahay ang nasira dahil sa Magnitude 6 na lindol sa Zamboanga Del Norte",,,,,,,,,,@dzIQ990
4/13/16 19:57,"#TV5AksyonsaTanghali | Zamboanga Del Norte, niyanig ng magnitude 6 na lindol kaninang madaling araw.",,,,,,,,,,@news5AKSYON
4/13/16 18:32,"EARLIER: Mag 6.0 lindol naitala sa Baliguian, Zamboanga del Norte (2:21AM)",,,,,,,,,,@dzrhnews
4/13/16 16:51,ICYMI: Nagkaroon ng Magnitude 6 na lindol sa #Zamboanga del Norte pasado 2am kanina.,,,,,,,,,,@imReadyPH
4/13/16 11:03,"Bayan ng Gutalac, Zamboanga del Norte niyanig ng magnitude 5.7 na lindol.",,,,,,,,,,@dzbb
4/13/16 10:53,"UPDATE: Magnitude 5.7 ang naitalang lindol sa may Gutalac, Zamboanga del Norte, ayon sa @phivolcs_dost.",,,,,,,,,,@gmanewsbreaking
4/5/16 1:17,"JUST IN: Magnitude 5.9 lindol naitala Sarangani, Davao Occidental (4:29PM)",,,,,,,,,,@dzrhnews
4/4/16 18:18,"JUST IN: Magnitude 4.3 lindol Jose Abad Santos, Davao Occidental (8:40AM)",,,,,,,,,,@dzrhnews
4/3/16 16:15,"Updated Information from @phivolcs_dost: Jomalig, Quezon niyanig ng magnitude 4.8 na lindol kaninang 3:09 ng madaling araw",,,,,,,,,,@dzIQ990
3/30/16 4:43,"Just in: Looc, Occidental Mindoro, niyanig ng 3.2 magnitude na lindol | via @phivolcs_dost",,,,,,,,,,@dzrhnews
3/20/16 21:15,"Lalawigan ng Bohol, niyanig ng 4.1 magnitude na lindol #RapidoHatawBalita",,,,,,,,,,@dzrhnews
3/20/16 18:36,"#UPDATE: Magnitude 4.1 na lindol yumanig sa Danao, Bohol (7:01AM)",,,,,,,,,,@dzrhnews
3/19/16 15:21,"JUST IN: Magnitude 2.2 lindol naitala sa Looc, Occidental Mindoro (6:59AM)",,,,,,,,,,@dzrhnews
3/17/16 19:29,"JUST IN: Magnitude 3.5 lindol naitala sa Laoang, Northern Samar (11:03AM)",,,,,,,,,,@dzrhnews
3/16/16 19:00,"#UPDATE: Magnitude 4.8 na lindol naitala sa Iba, Zambales (6:46AM)",,,,,,,,,,@dzrhnews
3/16/16 15:16,"FLASH: Iba, Zambales, niyanig ng magnitude 4 na lindol kaninang 6:46 am. | via @allangatus",,,,,,,,,,@dzbb
3/15/16 16:07,"Bayugan City, Agusan Del Sur niyanig ng 3.7 magnitude na lindol kaninang 7:10AM. Intensity III naitala sa Butuan City | @chonayu1",,,,,,,,,,@dzIQ990
3/3/16 16:05,"#LINDOL - 12:23AM | 219 km SE of Sarangani, #Davao Occidental Mag. 5.1 - @phivolcs_dost",,,,,,,,,,@IMReadyPH
3/1/16 23:51,"Gutalac, Zamboanga del Norte, niyanig ng magnitude 3.4 na lindol. | via @phivolcs_dost",,,,,,,,,,@dzbb
2/28/16 12:25,"Anda, Bohol niyanig ng magnitude 4.6 na lindol ngayong 5:01 ng umaga | @phivolcs_dost",,,,,,,,,,@dzIQ990
2/28/16 11:56,"Magnitude 5.6 na lindol, tumama sa karagatan ng Sarangani - DZIQ Radyo Inquirer 990AM",,,,,,,,,,@dzIQ990
2/27/16 18:47,"JUST IN: T'boli,South Cotabato niyanig ng magnitude 3.7 na lindol(10:43AM)",,,,,,,,,,@dzrhnews
2/24/16 21:54,"JUST IN: Magnitude 4.0 na lindol naitala sa Anini-y, Antique (1:10PM)",,,,,,,,,,@dzrhnews
2/21/16 17:55,"JUST IN: 2.8 magnitude lindol naitala sa Calayan, Cagayan (10:30AM)",,,,,,,,,,@dzrhnews
2/21/16 16:12,"Batac, Ilocos Norte niyanig ng magnitude 3.2 na lindol ngayong 8:49AM. Intensity II naramdaman sa Pasuquin, Ilocos Norte | @phivolcs_dost",,,,,,,,,,@dzIQ990
2/18/16 9:34,"FLASH: Masbate, niyanig ng Magnitude 4.8 na lindol; Intensity 4, naramdaman sa Masbate City at bayan ng San Jacinto. | @luisitosantos03",,,,,,,,,,@dzbb
2/15/16 13:48,"FLASH: Botolan, Zambales, niyanig ng magnitude 3.6 na lindol; intensity II, ramdam naman sa Iba. | via @allangatus",,,,,,,,,,@dzbb
2/15/16 12:33,"Jose Abad Santos, Davao Occidental, niyanig ng magnitude 3.4 na lindol kaninang 4:07AM | via @phivolcs_dost",,,,,,,,,,@DZAR1026
2/14/16 17:43,"#UPDATE: Bislig City, niyanig ng magnitude 3.1 na lindol (1:01AM) http://fb.me/TDHZTeAJ  I",,,,,,,,,,@dzrhnews
3/5/16 10:17,#EarthquakePH #EarthquakeQuezon Lalawigan ng Quezon: 4.6 magnitude lindol.,,,,,,,,,,@dzrhnews
2/16/16 7:09,#EarthquakePH Information No. 1 Location: Manay (Davao Oriental) Depth: 014 Magnitude: Ms 3.4 | via @phivolcs_dost,,,,,,,,,,@philredcross 
2/10/16 5:33,#EarthquakePH Information No. 2 Date and Time: 10 Feb 2016 Location: General Luna (Quezon) Magnitude: Ms 3.2,,,,,,,,,,@philredcross 
10/19/15 6:34,5.4-magnitude quake strikes off Occidental Mindoro,,,,,,,,,,@cnnphilippines
10/15/15 1:33,@phivolcs_dost: #EarthquakePH information number 2 Magnitude = 4.2 Depth = 064km Location = Kawayan (Biliran),,,,,,,,,,@philredcross 
9/26/15 20:48,@phivolcs_dost: #EarthquakePH 07 Sep. 2015 12:09 PM Magnitude = 3.9 Depth = 010 kilometers Location =Zamboanga City,,,,,,,,,,@philredcross 
9/3/15 8:11,#EarthquakePH Information No. 1 03 Sep. 2015 11:37PM Magnitude =3.2 Depth=025 kilometers Location=Palauig (Zambales),,,,,,,,,,@philredcross 
9/1/15 18:14,@phivolcs_dost #EarthquakePH Information No. 2: Magnitude = 5.5 Depth = 295 kilometers Location = Sarangani,,,,,,,,,,@philredcross 
8/14/15 5:48,"#EarthquakePH Magnitude = 3.2 Depth = 28 km Location = 16.87ÎçN, 120.28ÎçE - 028 km N 07Îç W of San Fernando (La Union)",,,,,,,,,,@philredcross 
8/12/15 3:38,"Laak, Compostela Valley, niyanig ng 3.3 magnitude na lindol kaninang 4:30am. | #EarthquakePH",,,,,,,,,,@philredcross 
8/2/15 6:01,Magnitude = 5.0 Depth = 607km Location = Aurora (Zamboanga Del Sur) | via @phivolcs_dost #EarthquakePH,,,,,,,,,,@philredcross 
7/30/15 1:02,"#EarthquakePH Š—¢ Magnitude = 3.2 Depth = 3km Location: 16.57ÎçN, 119.85ÎçE - 020 km N 12Îç W of Bolinao (Pangasinan)",,,,,,,,,,@philredcross 
7/24/16 6:19,24 Jul 2015 - 10:01:02pm Magnitude = 3.1 Depth =118km Location: Nasugbu (Batangas) | via @phivolcs_dost #EarthquakePH,,,,,,,,,,@philredcross 
7/14/16 0:39,Via @phivolcs_dost: No expected damage from 6.1-magnitude #earthquakePH off Davao Occidental; aftershocks expected:,,,,,,,,,,@govph
10/18/16 2:33,"Nasawi sa #earthquakePH, umabot na sa 173",,,,,,,,,,@gmanews
10/17/13 6:49,"NDRRMC: Casualties: 171 dead, 375 injured, 20 missing #earthquakePH",,,,,,,,,,@ABSCBNNews
10/17/13 14:31,"1,581 aftershocks ang naitala sa Bohol. 29 dito ang naramdaman as of 5AM. - @NDRRMC_OpCen #earthquakePH | via @dzIQ990",,,,,,,,,,@inquirerdotnet
10/17/13 2:38,"#TVPatrol Dalawang sinkhole, natagpuan sa bayan ng Calape sa Bohol. Report ni @HernelTocmo #earthquakePH",,,,,,,,,,@TVPatrol
10/17/13 1:15,UPDATE: 21 nawawala dahil sa #earthquakePH - @NDRRMC_OpCen. #NewsTVLive,,,,,,,,,,@gmanews
10/16/13 19:37,"NDRRMC: 671, 957 families or 3, 406, 227 persons affected;18,265 damage houses due to #VisayasQuake #earthquakePH",,,,,,,,,,@PhilippineStar
10/16/13 19:32,NDRRMC: 21 persons still missing #VisayasQuake #earthquakePH,,,,,,,,,,@PhilippineStar
7/21/14 20:19,"Bagyong #GlendaPH update as of July 21, 6pm) Dead - 97 Injured - 460 Missing - 6 Source: @NDRRMC_OpCen",,,,,,,,,,@Balitanghali11
10/16/13 4:00,Siyam na matatandang simbahan ang naapektuhan ng magnitude 7.2 na lindol sa Bohol at Cebu. #earthquakePH,,,,,,,,,,@24OrasGMA
1/1/15 15:30,"8 bayan sa timog na bahagi ng Cebu, isolated pa rin dahil sa mga pinsalang dulot ng bagyong #SeniangPH. | via @dzbb",,,,,,,,,,@IMReadyPH
1/1/15 13:09,"Nasa labas na ng PHL Area of Responsibility ang Low Pressure Area na dating #SeniangPH, ayon sa @dost_pagasa.",,,,,,,,,,@IMReadyPH
1/1/15 2:15,"Weather Update: Matapos manalasa sa Visayas at Mindanao, humina na at isa na lang low pressure area ang dating Bagyong #SeniangPH.",,,,,,,,,,@IMReadyPH
1/1/15 1:01,"Nasawi sa Bagyong #SeniangPH, umabot na sa 54   | via @gmanews",,,,,,,,,,@IMReadyPH
12/31/14 23:15,"Limang bayan sa Cebu, isinailalim sa state of calamity dahil sa pananalasa ng bagyong #SeniangPH .",,,,,,,,,,@dzbb
12/31/14 19:35,"Bago magpalit ang taon, naging low pressure area na lang muli ang Bagyong #SeniangPH, ayon sa @dost_pagasa.",,,,,,,,,,@IMReadyPH
1/4/15 12:58,Humina at isa na lang LPA ang #SeniangPH. Huli itong namataan ng @dost_pagasa sa 210 km SSE ng Puerto Princesa City.,,,,,,,,,,@IMReadyPH
1/4/15 12:27,"9 barangay sa Alcantara, Cebu, isolated dahil sa pagbahang may kasamang putik dulot ng Bagyong #SeniangPH #UnangHirit",,,,,,,,,,@UnangHirit
1/4/15 8:45,"29 patay sa landslide sa Samar, Leyte #SeniangPH",,,,,,,,,,@ABSCBNNews
1/4/15 6:56,"Lalo pang humina ang Bagyong #SeniangPH, isa na lamang itong LPA ngayon, ayon sa @dost_pagasa. | via @wengsalvacion @dzbb",,,,,,,,,,@gmanews
1/4/15 5:31,Nakataas ang signal no. 2 sa Palawan at Cuyo Island dahil sa Bagyong #SeniangPH.,,,,,,,,,,@gmanewstvteam
1/4/15 1:36,#TVPatrol NDRRMC: Bilang ng namatay sa bagyong #SeniangPH nasa 53 na. Ulat ni @Jorge_Carino,,,,,,,,,,@TVPatrol
12/30/14 23:58,"Bagyong #SeniangPH, lalo pang humina; S. Palawan, signal no. 1",,,,,,,,,,@DZMMTeleRadyo
12/30/14 23:40,#SeniangPH Signal No. 1 (4:30 PM) Southern Palawan,,,,,,,,,,@IMReadyPH
12/30/14 23:11,"Bilang ng namatay sa pananalasa ng bagyong #SeniangPH ,umakyat na sa 57; mahigit 50,000 na pamilya, apektado ng bagyo.",,,,,,,,,,@dzbb
12/30/14 21:41,"#SeniangPH UPDATE: As of 12:00 NN, huli itong namataan ng @dost_pagasa sa layong 250 km timog ng Cuyo, Palawan.",,,,,,,,,,@IMReadyPH
12/30/14 19:20,"Bilang ng mga nasawi sa pananalasa ng bagyong #SeniangPH, pumalo na sa 53 mula sa 35. Š—– @NDRRMC_OpCen | via @glenjuego @dzbb",,,,,,,,,,@gmanews
12/30/14 19:20,"52,000 pamilya, naapektuhan ng bagyong #SeniangPH, ayon sa @NDRRMC_OpCen. | via @glenjuego",,,,,,,,,,@gmanews
12/30/14 19:21,Aabot na sa 26 ang sugatan habang 8 pa ang nawawala sa pananalasa ng bagyong #SeniangPH. Š—– @NDRRMC_OpCen | via @glenjuego,,,,,,,,,,@gmanews
12/30/14 16:21,"NDRRMC: 35 dead, 26 injured, 8 missing due to #SeniangPH",,,,,,,,,,@News5AKSYON
12/30/14 14:43,#SeniangPH as of 5am: Signal #2 - Calamian Group of Islands and Cuyo Island Signal #1 - Palawan,,,,,,,,,,@News5AKSYON
12/30/14 14:03,"Bilang ng mga nasawi sa pananalasa ng Bagyong #SeniangPH, nasa 35 na, ayon kay NDRRMC Exec. Dir. Alex Pama. | via @dzbb",,,,,,,,,,@gmanews
12/30/14 13:27,"#SeniangPH, nananatili ang lakas; Palawan, signal no. 2",,,,,,,,,,@DZMMTeleRadyo
12/30/14 12:56,NDRRMC: 21 na ang kumpirmadong patay sa pananalasa ng Bagyong #SeniangPH sa Visayas at Mindanao #UnangHirit,,,,,,,,,,@UnangHirit
12/30/14 12:34,"Bagyong #SeniangPH, huling na-monitor ng @dost_pagasa sa layong 150 km southwest ng Cuyo, Palawan.",,,,,,,,,,@dzbb
12/30/14 12:31,"#SeniangPH posibleng landfall : Palawan mamayang hapon o gabi / Posibleng paglabas sa PAR: hapon bukas, Jan. 1 @dost_pagasa",,,,,,,,,,@IMReadyPH
12/30/14 5:55,"Signal #1: Calamian Group of Islands, Guimaras, Antique, southern Iloilo Signal #2: Cuyo Island & Palawan #SeniangPH",,,,,,,,,,@ANCAlerts
12/30/14 5:53,"#SeniangPH Signal no. 1 Luzon: Calamian Group of Islands Visayas: Guimaras, Antique and Southern Iloilo",,,,,,,,,,@InqNational
12/30/14 5:51,"#SeniangPH Signal no. 2 Luzon: Cuyo Island and Palawan, via @dost_pagasa",,,,,,,,,,@InqNational
12/30/14 5:14,"#AksyonTonite: Bilang ng nasawi dahil sa Bagyong #SeniangPH, umabot na sa 21 ayon sa NDRRMC",,,,,,,,,,@News5AKSYON
12/30/14 4:46,"4 ang nawawala sa Bohol, 4 sa Cebu, 1 sa Bukidnon at 1 sa Agusan del Norte; 17 katao ang naitalang nasugatan. | @_jamesagustin #SeniangPH",,,,,,,,,,@gmanews
10/23/15 13:26,22 OCT: Aerial photos of flooding in Central Luzon #LandoPH; Aurora and Isabela on state of calamity @NDRRMC_OpCen,,,,,,,,,,@dzrhnews
10/23/15 11:20,"(Oct. 23, 2015) NDRRMC: Update sa pinsala ng #LandoPH 2 provinces, 1 city, 9 municipalities under state of calamity @NDRRMC_OpCen",,,,,,,,,,@dzrhnews
10/23/15 9:20,"FLASH: State of calamity, idineklara na sa lalawigan ng La Union dahil sa pinsala ng bagyong #LandoPH. Š—” La Union disaster officer",,,,,,,,,,@dzbb
10/23/15 5:40,"Low pressure area [dating bagyong #LandoPH], huling namataan sa layong 285 km silangan ng Basco, Batanes, ayon sa @dost_pagasa.",,,,,,,,,,@dzbb
10/23/15 5:29,"Bagyong #LandoPH, pinakamapaminsala sa mga bagyo na tumama sa bansa ngayong taon. #DobolBBalitangBalita",,,,,,,,,,@dzbb
10/22/15 12:18,"Bagyong #LandoPH, nag-iwan ng 41 patay at 78 sugatan, ayon sa NDRRMC.",,,,,,,,,,@dzbb
6/8/16 5:03,"Baha sa Maysilo, Mandaluyong magtatagal pa https://shar.es/1JrteK  | @jay_dones",,,,,,,,,,@dzlQ990
6/6/16 23:19,"Trapik, baha resulta ng biglaang pag-ulan - DZIQ Radyo Inquirer 990AM https://shar.es/1JWy5i  | @jay_dones",,,,,,,,,,@dzlQ990
5/24/16 12:07,"#RadyoPatrol Gutter-deep na baha, naitala sa Taft Avenue sa Maynila",,,,,,,,,,@DZMMTeleRadyo
5/24/16 9:05,"Baha sa Maysilo Circle sa Mandaluyong, lagpas-tuhod | via @dzmmPatrol44 #WeatherPatrol",,,,,,,,,,@DZMMTeleRadyo
5/20/16 21:52,"As of 9:50pm, gutter deep ang baha sa Quezon Ave westbound lane (Biak na Bato) | via @luisitosantos03",,,,,,,,,,@dzbb
5/18/16 20:30,"Halos gabinti na ang baha sa kanto ng Timog Avenue at Scout Tobias, Quezon City. | via @luisitosantos03 @dzbb",,,,,,,,,,@gmanewsbreaking
3/3/16 15:28,Lubog ngayon sa baha ang Camarines Norte State College sa Daet dahil sa patuloy na pagulan. | via @hero_peewee,,,,,,,,,,@gmanewsbreaking
2/11/16 7:22,"Baha dahil sa tumagas na tubo sa Sta. Mesa, Maynila umabot na sa Pureza St. | via @WILLIEBOYBLUE",,,,,,,,,,@dzrhnews
2/11/16 6:57,"Bahagi ng Ramon Magsaysay Blvd.,sa Sta. Mesa Maynila, baha na | via @JohnsonDZMM",,,,,,,,,,@DZMMTeleRadyo
2/11/16 6:44,Ilalim ng Pureza Stn ng LRT inabot na rin ng baha dulot ng water leak via @erwinaguilonINQ,,,,,,,,,,@dzlQ990
12/23/15 8:02,"Ilang bahagi ng Mandaluyong, baha pa rin ilang araw na lang bago ang Pasko | via @sherwinalfaro @MandaluyongPIO",,,,,,,,,,@dzrhnews
12/22/15 6:25,"Bgy. Dilaguidi, Dilasag, Aurora, lubog sa baha dahil sa patuloy na pag-ulan | via @Dennis_Datu",,,,,,,,,,@DZMMTeleRadyo
12/21/15 23:39,"Anim na bayan sa Bulacan, lubog pa rin sa baha - DZIQ Radyo Inquirer 990AM https://shar.es/1Gw8jm  | @kbdaenlle",,,,,,,,,,@dzlQ990
12/20/15 15:05,"Nasa 1,800 families ang nasa evacuation center dahil sa baha, ayon kay Mayor de Jesus.",,,,,,,,,,@dzbb
12/16/15 1:06,PAGASA: #BagyongNona Signal no. 2 Bataan Southern Zambales Batangas Cavite Lubang Island,,,,,,,,,,@NewsLightTV
12/16/15 1:04,PAGASA: #BagyongNona Signal no. 2 Bulacan Pampanga Tarlac Rest of Zambales,,,,,,,,,,@NewsLightTV
12/16/15 1:04,PAGASA: #BagyongNona<newline><newline>Signal no. 1<newline><newline>Metro Manila<newline>Laguna<newline>Rizal<newline>Northern Occidental Mindoro<newline>Northern Oriental Mindoro,,,,,,,,,,@NewsLightTV
12/15/15 3:30,"Signal #3: Oriental Mindoro, Occidental Mindoro, Lubang Island",,,,,,,,,,@PatnubayOnline
12/15/15 3:30,"Signal #2: Batangas, Cavite, Marinduque",,,,,,,,,,@PatnubayOnline
12/15/15 3:30,Signal #2: Romblon at Calamian Group of Islands,,,,,,,,,,@PatnubayOnline
12/15/15 3:31,"Signal #1: Metro Manila, Bataan, Southern Zambales, Bulacan, Laguna",,,,,,,,,,@PatnubayOnline
12/15/15 3:31,"Signal #1: Rizal, Quezon, Northern Palawan, Cuyo Island at Antique",,,,,,,,,,@PatnubayOnline
12/14/15 14:14,"Bagyong Nona, posibleng mag-landfall sa Mindoro ngayong umaga. #bagyongnona",,,,,,,,,,@TV5manila
12/14/15 14:13,Higit 500 pasahero #stranded sa #Batangas Port dahil sa Bagyong Nona.#bagyongnona,,,,,,,,,,@TV5manila
12/14/15 18:36,Wala ng supply ng kuryente sa ilang bahagi ng Sibuyan Island #bagyongnona,,,,,,,,,,@rpost2015
12/14/15 18:24,"Naramdaman na sa San Fernando, Romblon ang malakas na ulan na may kasamang hangin #bagyongnona",,,,,,,,,,@rpost2015
1/6/16 2:44,"Mga kalsada sa Infanta, Quezon, sira pa rin matapos matabunan ng landslides noong bagyong #NonaPH",,,,,,,,,,@TVPatrol
12/29/15 5:29,"Tatlong Islang sinalanta ni bagyong Š—é#Š—_NonaPHŠ—Œ sa Romblon, patuloy na bumabangon. Mga residente, mag diriwang ng bagong taong walang kuryente",,,,,,,,,,@RomblonNews
12/28/15 9:34,"100% ng Sibale Island, Romblon, winasak ng bagyong #NonaPH; tulong, kailangang-kailangan",,,,,,,,,,@DZMMTeleRadyo
12/29/15 2:46,"Bagsik ng bagyong #NonaPH, pagbagsak ng kisame sa sinehan, at pananakit sa bata, ilan sa ibinahagi ng Bayan Patrollers",,,,,,,,,,@TVPatrol
12/25/15 2:08,Inabutan na ng pasko ang bahang dulot ng Bagyong #NonaPH sa Bulacan,,,,,,,,,,@24OrasGMA
12/23/15 5:53,"Pinsala ni #NonaPH sa Sibale Romblon, halos sariwa parin isang linggo matapos na manalasa ang bagyo",,,,,,,,,,@RomblonNews
12/23/15 2:17,"Ang mga taga-Corcuera, Romblon, hirap pa ring bumangon mula sa pananalasa ni #NonaPH",,,,,,,,,,@24OrasGMA
12/22/15 23:10,"Nagbigay ng tulong na nagkakahalagang P100,000 ang LGU-Odiongan sa tatlong islang nasalanta ng bagyong #NonaPH.",,,,,,,,,,@RomblonNews
12/22/15 22:40,"Pagpapailaw sa bayan ng Corcuera, maaring abutin pa ng 2 buwan; ayon kay Vice Mayor Elmer Fruelda #NonaPH",,,,,,,,,,@GMAnewsbreaking
12/22/15 0:36,"Nasawi sa #NonaPH, umabot na sa 42",,,,,,,,,,@DZAR1026
12/21/15 7:12,"Emergency shelter repair para sa mga nasalanta ng bagyong #NonaPH, tiniyak ng DSWD",,,,,,,,,,@DZMMTeleRadyo
12/21/15 6:34,"Balot ng putik ang ilang lugar sa Baco, Oriental Mindoro na nakaranas ng lagpas-taong baha nang manalasa ang Bagyong #NonaPH.",,,,,,,,,,@saksi
12/21/15 6:34,"Wala na ang Bagyong #OnyokPH o Bagyong #NonaPH pero baha pa rin sa Baler, Aurora dulot ng ulan dahil sa amihan at cold front.",,,,,,,,,,@saksi
12/21/15 2:34,"Halos 10,000 nasalanta ng Bagyong #NonaPH ang nahatiran ng tulong ng Operation Bayanihan ng @gmakf",,,,,,,,,,@24OrasGMA
12/21/15 2:31,"#KapusongTotoo: Ang ating Operation Bayanihan, agad nagsadya sa mga nasalanta ng Bagyong #NonaPH sa Matnog, Sorsogon.",,,,,,,,,,@24OrasGMA
12/20/15 22:33,NDRRMC: 40 patay dahil sa bagyong #NonaPH,,,,,,,,,,@BalitaNgayon
12/20/15 22:07,Death toll sa bagyong #NonaPH tataas pa sa kasalukuyang 40 katao,,,,,,,,,,@NewsCentralPH
12/20/15 14:11,"Pinsala ng bagyong #NonaPH, mahigit Šä±3-B na. #SuperBalitaSaUmagaNationwide",,,,,,,,,,@dzbb
12/20/15 13:59,"Sa kabuoan 430,801 pamilya ang nailikas, 17,808 ang nasa evacuation centers na 288",,,,,,,,,,@dwiz882
12/20/15 13:55,"Bagyong #NonaPH, nag-iwan ng malaking pinsala sa bayan ng Baco sa Oriental Mindoro.",,,,,,,,,,@UnangHirit
12/19/15 22:13,NDRRMC: P2-B damage ng #NonaPh,,,,,,,,,,@brigadadotph
12/19/15 19:37,Posible raw na brownout sa Pasko sa ilang lugar sa Oriental Mindoro dahil sa lawak ng pinsala dulot ng #NonaPH.,,,,,,,,,,@Balitanghali11
12/19/15 7:28,"Bilang ng mga namatay sa bagyong #NonaPH, tumaas pa",,,,,,,,,,@TVPatrol
12/18/15 21:53,"Halaga ng pinsala sa imprastruktura ng bagyong #NonaPH, nasa mahigit P60 milyon na - ayon sa @DPWHph",,,,,,,,,,@GMAnewsbreaking
12/18/15 19:25,Mahigit 200 paaralan sa buong Oriental Mindoro ang napinsala ng Bagyong #NonaPH,,,,,,,,,,@Balitanghali11
12/18/15 19:01,Nasa state of calamity ngayon ang buong Pilipinas dahil sa pananalasa ng Bagyong #NonaPH.,,,,,,,,,,@Balitanghali11
12/18/15 18:23,NDRRMC: 42 kalsada at  21 tulay ang hindi pa rin madaanan dahil sa bagyong #NonaPH,,,,,,,,,,@dwiz882
12/18/15 18:21,NDRRMC: 132 domestic flights ang nakansela simula noong December 14 dahil sa #NonaPH,,,,,,,,,,@dwiz882
12/18/15 18:12,34 na ang kumpirmadong patay dahil sa bagyong #NonaPH ayon sa NDRRMC,,,,,,,,,,@dwiz882
12/18/15 17:17,"Linya ng komunikasyon, power supply sa Pola, Oriental Mindoro, bagsak pa rin dahil sa #NonaPH",,,,,,,,,,@BalitaNgayon
12/18/15 12:21,"PNoy, nagdeklara ng state of national calamity dahil sa hagupit ni #NonaPH",,,,,,,,,,@GMAnewsbreaking
12/18/15 8:23,"#NonaPH, nag-iwan sa Isabela ng higit P70-M pinsala sa agrikultura ",,,,,,,,,,@TVPatrol
12/18/15 6:31,Umakyat na sa 12 ang naitatalang patay sa Oriental Mindoro dulot ng Bagyong #NonaPH.,,,,,,,,,,@saksi
12/18/15 4:41,"State of Calamity, idineklara na sa lalawigan ng Romblon dahil sa iniwang pinsala ni #NonaPH.",,,,,,,,,,@RomblonNews
12/18/15 4:23,"13 BRGY. SA LA PAZ, TARLAC, NALUBOG SA BAHA KAHIT DI DIREKTANG TINAMAAN NG #NONAPH",,,,,,,,,,@News5E
12/18/15 4:23,"Kumpara sa Bagyong #NonaPH, higit na mas mahina ang hanging dala ng Bagyong #OnyokPH.",,,,,,,,,,@stateofdnation
12/18/15 3:47,"Isa sa mga classrooms na nagiba dahil sa bagyong #NonaPH sa Pola, Oriental Mindoro",,,,,,,,,,@BalitaNgayon
12/18/15 2:25,"Mahigit P70-m, iniwang pinsala ng bagyong #NonaPH sa agrikultura",,,,,,,,,,@TVPatrol
12/18/15 1:54,"#TVPatrol Mahigit 1,500 pamilya na sinalanta ng bagyong #NonaPH, tumanggap ng tulong ",,,,,,,,,,@TVPatrol
12/18/15 1:52,"#TVPatrol Apat na bayan sa Nueva Ecija, lubog pa rin sa baha #NonaPH ",,,,,,,,,,@TVPatrol
12/18/15 1:52,"#TVPatrol  Mga pamilyang lumikas, nagsisiuwian na #NonaPH",,,,,,,,,,@TVPatrol
12/18/15 1:48,"#TVPatrol Pola, Oriental Mindoro, isinailalim sa state of calamity dahil sa Bagyong #NonaPH ",,,,,,,,,,@TVPatrol
12/18/15 1:47,"#TVPatrol 45,000 na bahay, sinira ng bagyong #NonaPH sa Oriental, Mindoro",,,,,,,,,,@TVPatrol
12/18/15 1:46,"#TVPatrol Libu-libong sako ng bigas, nabasa nang matuklap ang bubong ng mga bodega dahil sa bagyong #NonaPH ",,,,,,,,,,@TVPatrol
12/18/15 1:48,#TVPatrol 11 patay noong kasagsagan ng bagyong #NonaPH sa Oriental Mindoro TVPatrol,,,,,,,,,,@TVPatrol
12/18/15 1:48,"#TVPatrol Paghahanap sa 9 nawawala dahil sa Bagyong #NonaPH, patuloy pa rin ",,,,,,,,,,@TVPatrol
12/18/15 1:45,Baka mag- pasko sa dilim ang mga residente ng Northern Samar Na napuruhan ng Bagyong #NonaPH,,,,,,,,,,@24OrasGMA
12/18/15 1:30,"#TVPatrol PNoy, nagdeklara ng State of National Calamity para mapadali ang pagtugon sa pananalasa ng Bagyong #NonaPH",,,,,,,,,,@TVPatrol
12/18/15 1:39,Ilang bangka ang lumubog at nawasak nang manalasa ang Bagyong #NonaPH sa Northern Samar. ,,,,,,,,,,@24OrasGMA
12/18/15 1:38,"#TVPatrol Ekta-ektaryang pananim sa bayan ng Candaba, napinsala #NonaPH",,,,,,,,,,@TVPatrol
12/18/15 1:38,"#TVPatrol 5 bayan sa Pampanga, lubog sa baha, pero marami pa rin ang ayaw lumikas #NonaPH ",,,,,,,,,,@TVPatrol
12/18/15 1:32,5 ang nasawi at 2 ang nawawala  dahil sa landslide dala ng Bagyong #NonaPH. ,,,,,,,,,,@24OrasGMA
12/18/15 1:30,Landslide ang pangunahing naminsala sa ilang bahagi ng Nueva Vizcaya at Nueva Ecija bunsod ng #NonaPH.,,,,,,,,,,@24OrasGMA
12/18/15 0:56,Higit 3000 na ang stranded na pasahero sa iba't-ibang pier dahil sa Bagyong #NonaPH.,,,,,,,,,,@dzbb
12/18/15 0:47,"17 na ang naitalang nasawi sa paghagupit ng Bagyong #NonaPH, ayon sa NDRRMC.",,,,,,,,,,@24OrasGMA
12/18/15 0:24,"Pinsalang dinulot ng #NonaPH, umabot sa higit P900 milyon",,,,,,,,,,@DZAR1026
12/17/15 21:30,"Mga residenteng naapektuhan ng malalakas na pag-ulan sa Aurora, umaapela ng ayuda ",,,,,,,,,,@BalitaNgayon
12/17/15 19:54,Halos 500 na puno ng niyog ang nasira ni bagyong #NonaPH sa bayan ng Corcuera.,,,,,,,,,,@RomblonNews
12/17/15 19:16,Umakyat na sa 9 ang naitalang patay sa Oriental Mindoro dahil sa bagyong #NonaPH.,,,,,,,,,,@Balitanghali11
12/17/15 19:03,Sa Simara Island naman halos wasak rin ang mga bahay na malapit sa dalampasigan. #NonaPH,,,,,,,,,,@RomblonNews
12/17/15 18:47,Sinira ng malalakas ng hangin na dala ng #NonaPH ang ilang establisyemento sa Oriental Mindoro,,,,,,,,,,@Balitanghali11
12/17/15 18:30,Or. Mindoro Gov: 9 patay dahil kay #NonaPH,,,,,,,,,,@DZMMTeleRadyo
12/17/15 18:24,"40,000 bahay, winasak ng bagyong #NonaPH sa Oriental Mindoro ",,,,,,,,,,@bayanmo
12/17/15 17:57,"NDRRMC Usec. Alexander Pama: 165,554 families ang nailikas dahil sa bagyong #NonaPH",,,,,,,,,,@dwiz882
12/17/15 17:33,Lima na ang namatay at dalawa ang nawawala sa Nueva Vizcaya dahil sa Bagyong #NonaPH,,,,,,,,,,@gmanewsfacebok
12/17/15 16:29,"Hindi pa man din tapos manalanta si #NonaPH, entrada naman ngayon si tropical depression #OnyokPH. Maghanda po tayo",,,,,,,,,,@MartinRomualdez
12/17/15 15:22,"Gordon: Ang baha nasa Pampanga at Bulacan, yung mga tubig na galing sa bundok. #NonaPH",,,,,,,,,,@dwiz882
12/17/15 14:23,"Bilang ng nasawi bunsod ng pananalasa ng bagyong #NonaPH, umakyat na sa 8. #SuperBalitaSaUmagaNationwide",,,,,,,,,,@dzbb
12/17/15 13:44,"Lima patay, dalawa nawawala sa pananalasa ng bagyong #NonaPH sa Alfonso, Casta’±eda, Nueva Vizacya. #UnangHirit",,,,,,,,,,@UnangHirit
12/17/15 13:15,"Malaking bahagi ng Gabaldon, N. Ecija, binaha",,,,,,,,,,@TVPatrol
12/17/15 12:15,6 naitalang patay sa pananalasa ni #NonaPH sa N. Samar,,,,,,,,,,@TVPatrol
12/17/15 12:48,PAGASA weather forecaster Jun Galang: Natunaw na po si #NonaPH kahapon. | via @dzbb,,,,,,,,,,@gmanewsbreaking
12/17/15 13:00,4 patay sa Oriental Mindoro dahil kay #NonaPH,,,,,,,,,,@TVPatrol
12/17/15 12:55,9 nawawala matapos pumalaot sa kasagsagan ni #NonaPH,,,,,,,,,,@TVPatrol
12/17/15 12:42,Nagmistulang lati ang Gitnang Luzon gawa ni #NonaPH; napuno ang mga dam,,,,,,,,,,@inquirerdotnet
12/17/15 12:30,"Ilang residente sa Bulan, Sorsogon, pilit na bumabangon mula sa pinsala ng Bagyong #NonaPH.",,,,,,,,,,@UnangHirit
12/17/15 12:25,7 patay sa Oriental Mindoro dulot ng Bagyong #NonaPH,,,,,,,,,,@UnangHirit
12/17/15 12:18,"Pinsalang dulot ng bagyong #NonaPH sa agrikultura, umabot na sa mahigit Šä±700-M, ayon sa Dept. of Agriculture",,,,,,,,,,@dzbb
12/17/15 12:15,"Malaking pinsalang iniwan ng Bagyong #NonaPH sa Northern Samar, tumambad",,,,,,,,,,@UnangHirit
12/17/15 6:32,Lalong tumambad ang pinsalang iniwan ng Bagyong #NonaPH sa Northern Samar kung saan una itong nag-landfall.,,,,,,,,,,@saksi
12/17/15 5:40,"Pinsala ng Bagyong #NonaPH sa Northern Samar at sa Oriental Mindoro kung saan ito nag-landfall, lalo pang tumambad!",,,,,,,,,,@saksi
12/17/15 5:24,"8 katao, patay sa hagupit ni #NonaPHŠ—”NDRRMC",,,,,,,,,,@gmanews
12/17/15 4:52,"#RHBalitaAgad #NonaPH, lusaw na! Bagyong 'Onyok', bantay sarado sa PAGASA!",,,,,,,,,,@dzrhnews
12/17/15 4:49,"Sa bayan ng Alfonso Casta’±eda sa Nueva Vizcaya, lima ang naitalang nasawi sa pananalasa ng Bagyong #NonaPH",,,,,,,,,,@stateofdnation
12/17/15 4:30,"Hindi pa nga raw sila nakakabangon sa Bagyong Lando, muli na naman silang hinagupit ng Bagyong #NonaPH.",,,,,,,,,,@stateofdnation
12/17/15 4:07,90% ng mga istruktura sa 24 na mga bayan sa Northern Samar ang napinsala sa pagdaan ng Bagyong #NonaPH.,,,,,,,,,,@stateofdnation
12/17/15 2:57,Pahirapan makapasok sa Aurora Province dahil sa dami ng landslide. #NonaPH,,,,,,,,,,@DZMMTeleRadyo
12/17/15 3:14,"5 patay sa landslide sa Casta’±eda, Nueva Vizcaya",,,,,,,,,,@BalitaNgayon
12/17/15 1:57,"#TVPatrol Nalusaw na ang bagyong #NonaPH, pero papalapit na sa bansa si #OnyokPH.",,,,,,,,,,@TVPatrol
12/17/15 2:11,"#TVPatrol Linya ng komunikasyon sa Masbate at Burias Island, bagsak pa rin #NonaPH ",,,,,,,,,,@TVPatrol
12/17/15 1:47,"#TVPatrol Bilang ng mga bahay na nawasak ng bagyo sa Pinamalayan, aabot sa 15,000 #NonaPH",,,,,,,,,,@TVPatrol
12/17/15 1:45,"#TVPatrol Bilang ng mga bahay na nawasak ng bagyo sa Pinamalayan, aabot sa 15,000 #NonaPH",,,,,,,,,,@TVPatrol
12/17/15 1:38,"#TVPatrol C130 na may kargang relief goods ng DSWD, dumating na sa Northern Samar #NonaPH",,,,,,,,,,@ABSCBNNews
12/17/15 1:38,"#TVPatrol 90% ng mga bahay sa Northern Samar, napinsala ng bagyo #NonaPH ",,,,,,,,,,@ABSCBNNews
12/17/15 1:38,"Mga bahay sa Catarman, winasak ng bagyong #NonaPH ",,,,,,,,,,@News5AKSYON
12/17/15 1:34,"#TVPatrol Gov. Ong: malaking bahagi ng Northern Samar, malubhang napinsala ng bagyong #NonaPH ",,,,,,,,,,@TVPatrol
12/17/15 0:52,"Ilang dam sa Luzon, umabot na sa spilling level dahil sa pag-ulang dulot ng bagyong #NonaPH.",,,,,,,,,,@gmanewstvQRT
12/17/15 0:50,Dalisay: Patuloy po kaming mag-momonitor sa mga sitwasyon kaugnay sa naging epekto ng bagyong #NonaPH,,,,,,,,,,@dzrhnews
12/17/15 0:34,3 patay matapos makuryente sa gitna ng paglilinis sa iniwang pinsala ng bagyong #NonaPH,,,,,,,,,,@gmanewstvQRT
12/17/15 0:28,SIGNAL #1:<newline>Surigao del Sur including Siargao Island<newline>Surigao del Norte<newline>Dinagat Province <newline>Misamis Oriental<newline>Camiguin.<newline>#NonaPH,,,,,,,,,,@PhilppineStar
12/17/15 0:33,"2 patay, 2 nailigtas matapos manatili ng tatlong araw sa dagat dahil sa #NonaPH.",,,,,,,,,,@gmanewstvQRT
12/17/15 0:29,Signal #1<newline>Bukidnon<newline>Lanao del Norte<newline>Lanao del Sur<newline>Misamis Occidental<newline>#NonaPH,,,,,,,,,,@PhilppineStar
12/17/15 0:24,"Hanging dala ng #NonaPH, katulad daw ng sa Bagyong Yolanda, ayon sa mga taga-Catarman.",,,,,,,,,,@gmanewstvQRT
12/17/15 0:20,@dost_pagasa: LPA na lamang ang dating Bagyong #NonaPH.,,,,,,,,,,@gmanewsbreaking
12/17/15 23:59,"3 bahay, natabunan sa landslide sa Brgy. Cadaclan, Pantabangan, Nueva Ecija. #NonaPH",,,,,,,,,,@DZMMTeleRadyo
12/16/15 23:59,"5 patay sa landslide sa Alfonso Casta’±eda, Nueva Vizcaya; 2, pinaghahanap pa. #NonaPH",,,,,,,,,,@DZMMTeleRadyo
12/16/15 23:23,LPA na dating bagyong #NonaPH nalusaw na matapos ang interaksyon nito sa hanging Amihan,,,,,,,,,,@dost_pagasa
12/16/15 23:22,"Sira ang bubong ng public market at natuklap ang dingding ng ilang kabahayan sa Bulan, Sorsogon #NonaPH",,,,,,,,,,@bayanmo
12/16/15 23:14,Humina na at isa na lang LPA ang dating bagyong #NonaPH.,,,,,,,,,,@GMA_BP
12/16/15 23:04,"Bagyong #Onyok, posibleng mag-landfall sa Caraga region bukas; bagyong #NonaPH, isa na lamang LPA",,,,,,,,,,@untvradio1350
12/16/15 22:49,Gov. Ong: Tatlo na ang nasawi dahil sa pananalasa ni Bagyong Nona... 12 naman ang missing #NonaPH,,,,,,,,,,@News5AKSYON
12/16/15 22:35,"Mga linya ng komunikasyon sa Northern Samar, bumagsak dahil sa #NonaPH",,,,,,,,,,@News5E
12/16/15 21:23,"Dalang ulan ng bagyong #NonaPH, nakabawas sa epekto ng El Ni’±o ayon sa Malakanyang",,,,,,,,,,@untvradio1350
12/16/15 21:00,"NDRRMC: 8 patay, 12 sugatan dahil sa bagyong #NonaPH",,,,,,,,,,@DZMMTeleRadyo
12/16/15 20:58,"PSWDO, patuloy na nag rerepack ng mga food packs na ipapadala sa tatlong bayang nasalanta ni #NonaPH sa Romblon.",,,,,,,,,,@RomblonNews
12/16/15 20:39,"#OnyokPH, tinutumbok ang Caraga, #NonaPH, LPA na lang",,,,,,,,,,@DZMMTeleRadyo
12/16/15 19:45,Walo na ang naitatalang patay sa pananalasa ng Bagyong #NonaPH na ngayo'y isa na lang low pressure area.,,,,,,,,,,@Balitanghali11
12/16/15 19:12,Isinailalim na sa state of calamity ang probinsya ng Sorsogon dahil sa epekto ng Bagyong #NonaPH.,,,,,,,,,,@Balitanghali11
12/16/15 19:04,"Mga nasalanta ng bagyong #NonaPH sa Mindoro, posibleng sa evacuation center na mag-Pasko. #SuperBalitaSaTanghaliNationwide ",,,,,,,,,,@dzbb
12/16/15 19:04,"Opisyal na bilang ng mga nasawi sa bagyong #NonaPH, umakyat na sa 8, batay sa pinakahuling tala ng NDRRMC.",,,,,,,,,,@dzbb
12/16/15 18:40,Isinailalim na sa state of calamity ang bayan ng Corcuera sa Romblon dahil sa pinsala roon ng Bagyong #NonaPH.,,,,,,,,,,@Balitanghali11
12/30/14 4:45,"Sa 21 namatay, 11 ang mula sa Central Visayas, 6 sa Eastern Visayas, 2 sa Davao region, at 2 sa CARAGA region. | @_jamesagustin #SeniangPH",,,,,,,,,,@gmanews
12/30/14 12:58,10 patay sa pagbaha dulot ni #SeniangPH sa Cebu,,,,,,,,,,@DZMMTeleRadyo
12/30/14 12:02,"#SeniangPH Signal No. 1 - Calamian Group of Islands, Negros Occidental, Aklan, Capiz, Rest of Iloilo, Rest of Antique.",,,,,,,,,,@News5AKSYON
12/30/14 12:01,"#SeniangPH Signal No. 2 - Cuyo Island, Palawan, Guimaras, Southern Antique and Southern Iloilo.",,,,,,,,,,@News5AKSYON
12/29/14 23:53,PAGASA: 19kph westward ang usad ng bagyong #SeniangPH patungo ng Cuyo Island | via @RPDexterGanibe,,,,,,,,,,@ABSCBNNews
12/29/14 23:53,PAGASA: Bagyong #SeniangPH nasa Sulu Sea patungo na ng Cuyo Island | via @RPDexterGanibe,,,,,,,,,,@ABSCBNNews
12/29/14 23:49,"1 patay, 2 nawawala sa Agusan del Norte; 4 lugar malapit sa Agusan River, lubog sa baha dahil kay #SeniangPH",,,,,,,,,,@DZMMTeleRadyo
12/29/14 23:20,"Nakataas din ang Storm Signal No. 1 sa: Palawan, kasama ang mga isla ng Calamian at Cuyo | via @dost_pagasa #SeniangPH",,,,,,,,,,@IMReadyPH
12/29/14 23:19,Nakataas ang Storm Signal No. 1 sa: Aklan Capiz Rest of antique Rest of Iloilo Southern Cebu Negros Oriental |via @dost_pagasa #SeniangPH,,,,,,,,,,@IMReadyPH
12/29/14 20:05,"Weather Update: Apat na beses nang nag-landfall ang Bagyong #SeniangPH, ayon sa @dost_pagasa. #IMReadyPH",,,,,,,,,,@IMReadyPH
12/29/14 19:44,"Caraga region, may mahigit 12,000 pamilya na lumikas dahil sa bagyong #SeniangPH; ilang lugar, baha pa rin, ayon kay Mazo, OCD-Region 6.",,,,,,,,,,@IMReadyPH
12/29/14 19:17,"WEATHER as of 11am: Signal #2 in Negros Occidental, Negros Oriental, Guimaras, Southern Cebu, Southern Antique, Southern Iloilo | #SeniangPH",,,,,,,,,,@PhilippineStar
12/29/14 19:17,"WEATHER asof 11am: Signal#1 in Palawan,Calamian groupof islands, CuyoIs., Aklan,Capiz, restof Antique,Iloilo, Cebu,Bohol,Siquijor|#SeniangPH",,,,,,,,,,@PhilippineStar
12/29/14 18:57,#SeniangPH SIGNAL NO. 1 Palawan Calamian group of Islands Cuyo Island Aklan Capiz Rest of Antique Rest of Iloilo Rest of Cebu Bohol Siquijor,,,,,,,,,,@News5AKSYON
12/29/14 18:31,"Signal #2 up in Negros Occidental, Negros Oriental, Guimaras, Southern Cebu, Southern Antique & Southern Iloilo. #SeniangPH |",,,,,,,,,,@InqNational
12/29/14 18:05,"Bagyong #SeniangPH, nasa Negros Oriental na ngayon at kumikilos patungo sa Panay Gulf, ayon sa @dost_pagasa.",,,,,,,,,,@dzbb
12/29/14 18:00,#SeniangPH SIGNAL NO. 1 (11 AM) Aklan Capiz Rest of Antique Rest of Iloilo Rest of Cebu Bohol Siquijor,,,,,,,,,,@IMReadyPH
12/29/14 17:58,"#SeniangPH signal #1: Aklan, Capiz, Rest of Antique, Rest of Iloilo, Rest of Cebu, Bohol, Siquijor",,,,,,,,,,@DZMMTeleRadyo
12/29/14 17:58,"#SeniangPH signal #1: Palawan, Calamian group of Islands, Cuyo Island",,,,,,,,,,@DZMMTeleRadyo
12/29/14 17:57,"#SeniangPH signal #2: Negros Occ., Negros Or., Guimaras, Southern Cebu, Southern Antique, Southern Iloilo",,,,,,,,,,@DZMMTeleRadyo
12/29/14 16:05,"JUST IN: Nag-landfall sa ika-apat na pagkakataon ang #SeniangPH sa Guihulngan, Negros Or. dakong 7AM | @dost_pagasa",,,,,,,,,,@IMReadyPH
12/29/14 13:56,#SeniangPH SIGNAL NO. 1 - Guimaras - Leyte - Southern Leyte - Rest of Negros Occidental - Camotes Island - Iloilo - Antique - Capiz - Aklan,,,,,,,,,,@IMReadyPH
12/29/14 13:35,"ICYMI: Nag-landfall muli ng pangatlong beses ang #SeniangPH sa Sibonga, Cebu kaninang 4:45 AM, ayon sa @dost_pagasa.",,,,,,,,,,@IMReadyPH
12/29/14 12:20,"Huling namataan ang #SeniangPH sa layong 35 km SE ng Mactan, Cebu. LAKAS: 65 kph BUGSO: 80 kph GALAW: WNW at 11 kph",,,,,,,,,,@IMReadyPH
12/29/14 0:14,"(1/2) Signal #2: Bohol, Siquijor, southern Cebu, Negros Oriental, southern part of Negros Occidental #SeniangPH",,,,,,,,,,@ANCAlerts
12/29/14 0:13,"(2/3) Signal #1: southern part of Antique, Bukidnon, Lanao del Norte, Lanao del Sur, Misamis Occidental #SeniangPH",,,,,,,,,,@ANCAlerts
12/29/14 0:13,"(1/3) Signal #1: Leyte, Southern Leyte, Camotes, rest of Cebu, rest of Negros Occidental, Guimaras, southern part of Iloilo #SeniangPH",,,,,,,,,,@ANCAlerts
12/29/14 0:01,Update (5 PM): Huling namataan ng @dost_pagasa ang Bagyong #SeniangPH sa layong 140 km east southeast ng Tagbilaran City.,,,,,,,,,,@IMReadyPH
12/28/14 20:05,Huling namataan ang sentro ng bagyo 33 kilometers hilagang silangan ng Butuan City. #SeniangPH,,,,,,,,,,@IMReadyPH
12/28/14 19:37,"11AM | Signal 1: northern Davao, Bukidnon, Davao Norte, Lanao provinces, Misamis Occ. #SeniangPH | @PanahonTV [EDIT]",,,,,,,,,,@InqNational
12/28/14 19:18,"[12:10 PM] YELLOW rainfall warning, nakataas sa Central Visayas, Eastern Visayas, Negros Occ. | via @dost_pagasa #SeniangPH",,,,,,,,,,@DZMMTeleRadyo
12/28/14 19:06,"(3/3) Signal #1: Misamis Occidental, Zamboanga del Norte, Zamboanga del Sur, Zamboanga Sibugay #SeniangPH",,,,,,,,,,@ANCAlerts
12/28/14 19:06,"(2/3) Signal #1: Northern part of Davao Oriental, Davao del Norte, Bukidnon, Lanao del Norte, Lanao del Sur #SeniangPH",,,,,,,,,,@ANCAlerts
12/28/14 19:06,"(1/3) Signal #1: Leyte, Southern Leyte, Camotes, rest of Cebu, rest of Negros Occidental, Compostela Valley, Dinagat #SeniangPH",,,,,,,,,,@ANCAlerts
12/28/14 18:53,"PAGASA: #SeniangPH, taglay pa rin ang lakas ng hanging umaabot sa 65kph malapit sa gitna at pagbugsong aabot sa 80kph",,,,,,,,,,@DZMMTeleRadyo
12/10/12 15:43,"(as of Dec.11 6:00AM update) #PabloPH NDRRMC: Patay sa Bagyong Pablo, 714 na; 890 pa nawawala",,,,,,,,,,@DZMMTeleRadyo
12/8/12 23:52,"PAGASA: #PabloPH, isa na lamang low pressure area (LPA) | via Dexter Ganibe",,,,,,,,,,@DZMMTeleRadyo
12/8/12 21:33,"Umakyat na sa 540 ang kumpirmadong patay sa #PabloPH ; 1,088 ang sugatan, 827 missing pa rin, ayon sa NDRRMC -- Isa Avendano | @dzIQ990",,,,,,,,,,@inquirerdotnet
12/8/12 6:11,"#PabloPH Signal # 1: Cagayan including Calayan and Babuyan Group of Islands, Batanes Group of Islands, Abra | via @dost_pagasa (1/2)",,,,,,,,,,@gmanews
12/8/12 0:33,"#PabloPH Sig2: IlocosNorte, IlocosSur, La Union. Sig1: Cagayan, Calayan, Babuyan, Batanes, Abra, Apayao, Kalinga,Benguet,Pangasinan,Zambales",,,,,,,,,,@24OrasGMA
12/8/12 0:29,"Signal No. 2: Ilocos Norte, Ilocos Sur, La Union #PabloPH",,,,,,,,,,@DZMMTeleRadyo
12/8/12 12:51,"#PabloPH, namataan sa layong 85 kilometero kanluran ng Laoag City. | via @dost_pagasa",,,,,,,,,,@DZMMTeleRadyo
12/16/15 18:32,"JUST IN: Bagyong #Onyok, napanatili ang kanyang lakas habang patuloy na nagbabanta sa Caraga region. | via @glenjuego",,,,,,,,,,@dzbb
10/23/15 6:35,"Bilang ng mga kumpirmadong patay sa hagupit ng Bagyong Lando, umakyat na sa 66, ayon sa NDRRMC. #SuperBalitaSaGabi",,,,,,,,,,@dzbb
10/23/15 3:50,Sa Linggo na inaasahang lalabas ng Philippine Area of Responsibility ang Low Pressure Area na dating bagyong Lando.,,,,,,,,,,@IMReadyPH
10/23/15 2:49,"#TVPatrol Mga residente ng Gabaldon, lumikas agad bago bumaha kaya walang naitalang namatay sa Bagyong Lando",,,,,,,,,,@TVPatrol
10/22/15 21:29,"46 na ang kumpirmadong patay sa bagyong Lando, 16 dito ang mula sa Benguet - DZIQ Radyo Inquirer 990AM https://shar.es/1uIdmv ",,,,,,,,,,@dzIQ990
10/22/15 14:48,"Halos 60 barangay sa Pampanga,lubog pa rin sa baha matapos ang Bagyong Lando. #LandoPH #aksyonsaumaga",,,,,,,,,,@News5AKSYON
10/22/15 3:16,"VIDEO: Mahigit 5,000 bahay, nasira ng bagyong 'Lando'",,,,,,,,,,@gmanewsbreaking
10/22/15 2:31,"#TV5Aksyon | Nueva Ecija provincial hospital, binaha nang manalasa ang bagyong Lando",,,,,,,,,,@News5AKSYON
10/22/15 1:00,"Death toll sa pananalasa ng bagyong Š—“LandoŠ—, 41 sa talaan ng NDRRMC #Breaktime",,,,,,,,,,@dzrhnews
10/21/15 23:08,"VIDEO: Bagyong Lando, tuluyang humina at naging LPA na lang http://gmane.ws/1PBRanB ",,,,,,,,,,@saksi
10/21/15 21:45,"VIDEO: Bagyong Lando, isa na lang LPA ngayon",,,,,,,,,,@gmanewsbreaking
10/21/15 17:26,"VIDEO: Mahigit P6-B, pinsalang idinulot ng Bagyong Lando sa agrikultura http://gmane.ws/1XlaKWl ",,,,,,,,,,@saksi
10/21/15 14:36,"Ilang taniman sa Nueva Ecija,napuno ng bato at troso dahil sa bagyong Lando. #LandoPH #aksyonsaumaga",,,,,,,,,,@News5AKSYON
10/21/15 14:28,"16,000 pamilya sa Aurora,apektado ng Bagyong Lando. #LandoPH #aksyonsaumaga @jcdongon",,,,,,,,,,@News5AKSYON
10/26/15 3:15,"#TVPatrol La Union, isinailalim sa state of calamity dahil sa pinsalang dulot ni #LandoPH",,,,,,,,,,@TVPatrol
10/26/15 3:14,"#TVPatrol Patay sa Cordillera dahil kay #LandoPH, umabot na sa 27",,,,,,,,,,@TVPatrol
10/26/15 3:14,"#TVPatrol 6 bahay, nahulog sa man-made tunnel sa Itogon, Benguet",,,,,,,,,,@TVPatrol
10/26/15 3:16,"#TVPatrol Ilang barangay sa Calumpit, Bulacan, lubog pa rin sa baha dahil sa Bagyong #LandoPH",,,,,,,,,,@TVPatrol
10/23/15 3:14,"#TVPatrol LPA na dating Bagyong #LandoPH, hindi na makaaapekto sa bansa sa weekend",,,,,,,,,,@TVPatrol
10/22/15 19:56,"Mga namatay sa bagyong #LandoPH, umakyat na sa 46. Š—” NDRRMC",,,,,,,,,,@dzbb
10/22/15 19:45,"Bilang ng mga nasawi sa pananalasa ng bagyong #LandoPH, umakyat na sa 46; 82 naman ang sugatan. | via @mamutuesdayniu",,,,,,,,,,@dzbb
10/22/15 17:23,"#LandoPH's toll: 43 dead, 78 injured, P7.5 billion in damage http://cnn.ph/1NqxFuT ",,,,,,,,,,@cnnphilippines
10/22/15 17:20,"FLASH: State of calamity, idineklara na sa lalawigan ng La Union dahil sa pinsala ng bagyong #LandoPH. Š—” La Union disaster officer",,,,,,,,,,@dzbb
10/22/15 13:40,"Low pressure area [dating bagyong #LandoPH], huling namataan sa layong 285 km silangan ng Basco, Batanes, ayon sa @dost_pagasa.",,,,,,,,,,@dzbb
10/22/15 5:52,"Mag-asawa at 2 nilang apo, nasawi habang lumilikas sa bahang dulot ni #LandoPH http://gmane.ws/1kuSn3f ",,,,,,,,,,@gmanews
10/21/15 20:14,"Bagyong #LandoPH, sumira ng aabot sa 18,000 bahay sa mga lalawigang naapektuhan nito, ayon kay NDRRMC spokesperson Marasigan.",,,,,,,,,,@dzbb
10/21/15 19:13,"11AM: Huling nakita ng @dost_pagasa ang LPA (dating #LandoPH sa layong 230 km Silangan ng Basco, Batanes",,,,,,,,,,@IMReadyPH
12/26/11 14:28,"Bilang ng nasawi sa pananalasa ng Bagyong Sendong, umakyat na sa 1,453 as of 6am, Dec. 27 (via @UnangHirit)",,,,,,,,,,@gmanews
12/25/11 14:59,"Patay sa Bagyong Sendong, pumalo na sa 1,236 http://bit.ly/sLI40z ",,,,,,,,,,@DZMMTeleRadyo
12/17/11 21:04,"RDRRMC: Patay sa Dumaguete City dahil sa bagyong Sendong, umabot na sa 34 http://bit.ly/ufLrhQ  http://fb.me/1tRlB28Bh ",,,,,,,,,,@DZMMTeleRadyo
12/17/11 6:34,"Bagyong Sendong, bumagal habang papalapit sa Palawan http://bit.ly/uyxTYe  http://fb.me/18qWzu2IE ",,,,,,,,,,@DZMMTeleRadyo
12/15/14 17:46,@NDRRMC_OpCen: Batangas under state of calamity due to #RubyPH http://gmane.ws/1A0eBOh  | via @gmanews,,,,,,,,,,@IMReadyPH
12/11/14 1:37,"#AKSYON: Bilang ng mga nasawi dahil kay Bagyong Ruby, umakyat na sa 18",,,,,,,,,,@News5AKSYON
12/9/14 19:21,"VIDEO: Batangas, isinailalim na sa state of calamity dahil sa pinsalang dulot ng Bagyong Ruby http://gmane.ws/1B5b7cb ",,,,,,,,,,@gmanewsbreaking
12/9/14 6:22,"VIDEO: Higit 20,00 na pamilya sa Nabua, Camarines Sur, apektado ng Bagyong Ruby http://gmane.ws/1D3xOlG ",,,,,,,,,,@gmanewsbreaking
12/8/14 19:55,VIDEO: Red Cross: 23 namatay dulot ng Bagyong Ruby http://gmane.ws/1D1F01M ,,,,,,,,,,@gmanewsbreaking
12/8/14 16:18,"VIDEO: Bagyong Ruby, nag-landfall na sa Lubang, Occidental Mindoro",,,,,,,,,,@gmanewsbreaking
12/8/14 4:19,"VIDEO: Bagyong Ruby, nag-landfall sa Batangas kaninang 5:45 PM http://gmane.ws/1ASvVDK ",,,,,,,,,,@gmanewsbreaking
12/7/14 20:29,"VIDEO: Yellow rainfall warning, nakataas sa ilang lugar sa Luzon dahil sa Bagyong Ruby",,,,,,,,,,@gmanewsbreaking
3/22/16 23:24,#EarthquakePH Information No. 1 23 Mar 2016 - 02:59 PM Location: Marihatag (Surigao Del Sur) Magnitude: 3.1,,,,,,,,,,@philredcross
3/22/16 5:39,#EarthquakePH Information No.1 22Mar-09:16PM Location:San Julian (Eastern Samar) Magnitude: 2.6 |via @phivolcs_dost,,,,,,,,,,@philredcross
3/12/16 21:14,#EarthquakePH Information No. 1 13Mar-01:51PM Magnitude:4.7 Location: Paracle (Camarines Norte) | via @phivolcs_dost,,,,,,,,,,@philredcross
3/5/16 22:24,#EarthquakePH Information No. 1 Magnitude: 2.2 Location: Mamburao (Occidental Mindoro) | via @phivolcs_dost,,,,,,,,,,@philredcross
3/4/16 19:32,#EarthquakePH Information No. 1 Date and Time: 05 Mar 2016 - 11:58 AM Magnitude: 2.4 Location: Calatagan (Batangas),,,,,,,,,,@philredcross
3/1/16 14:25,#EarthquakePH Information No. 1 Magnitude = 2.6 Location: Anda (Bohol) | via @phivolcs_dost,,,,,,,,,,@philredcross
3/1/16 7:12,#EarthquakePH Information No. 1 Date and Time: 01 Mar 2016 - 11:45 PM Magnitude: Ms 3.1 Location: Calayan (Cagayan),,,,,,,,,,@philredcross
2/22/16 5:24,#EarthquakePH Information No. 2 Location: Calatagan (Batangas) Depth: 091 Magnitude: Ms 4.4 | via @phivolcs_dost,,,,,,,,,,@philredcross
2/16/16 0:55,#EarthquakePH Information No. 2 Location:Burgos(Surigao Del Norte) Depth: 011 Magnitude: Ms 3.1 | via @phivolcs_dost,,,,,,,,,,@philredcross
2/13/16 11:43,#EarthquakePH Information No. 1 Location: Silago (Southern Leyte) Depth: 202 Magnitude: Ms 4.7 | via @phivolcs_dost,,,,,,,,,,@philredcross
2/13/16 2:09,#EarthquakePH Info No. 1 Date and Time: 13 Feb 2016 - 06:38 AM Location: Currimao (Ilocos Norte) Magnitude: Ms 3.7,,,,,,,,,,@philredcross
2/9/16 16:57,#EarthquakePH Information No. 1 Location: Infanta (Pangasinan) Depth: 027 Magnitude: Ms 2.7 | via @phivolcs_dost,,,,,,,,,,@philredcross
2/8/16 6:47,#EarthquakePH Information No.1 Location: Jose Abad Santos (Davao Occidental) Magnitude: Ms 4.0 | via @phivolcs_dost,,,,,,,,,,@philredcross
2/6/16 19:23,#EarthquakePH Information No. 1 Magnitude = 3.4 Depth = 13km Location = San Francisco (Quezon) | via @phivolcs_dost,,,,,,,,,,@philredcross
1/22/16 20:07,#EarthquakePH Information No. 1 Magnitude: MS 3.3 Location: Marcelino (Davao Occidental) | via @phivolcs_dost,,,,,,,,,,@philredcross
1/9/16 22:43,#EarthquakePH Information No. 1 Magnitude = 3.1 Location = Bolinao (Pangasinan) | via @phivolcs_dost,,,,,,,,,,@philredcross
12/8/12 0:34,"Posibleng mag-landfall ang #PabloPH sa extreme northern Luzon bukas. Ito ay nasa 230km W Sinait, Ilocos Sur",,,,,,,,,,@24OrasGMA
12/7/12 18:03,"FLASH REPORT: State of national calamity, idineklara na ni PNoy sa ilalim ng Proclamation 522 #PabloPH",,,,,,,,,,@DZMMTeleRadyo
12/7/12 2:37,"NDRRMC: 456 patay mula sa 13 probinsya at isang lungsod; 533, nawawala; 445, sugatan. #PabloPH",,,,,,,,,,@24OrasGMA
12/7/12 13:07,"UPDATE: Bagyong #PabloPH Patay - 418, Nawawala - 383, Sugatan - 445 (NDRRMC as of 5am, Dec. 7) #UnangHirit",,,,,,,,,,@UnangHirit
12/6/12 12:38,"Bagyong #PabloPH: Patay - 331 , Nawawala - 380 , Sugatan - 437 (NDRRMC as of 7pm, Dec. 6) #UnangHirit",,,,,,,,,,@UnangHirit
12/6/12 1:35,"NDRRMC: 332, naitalang patay sa paghagupit ng Bagyong #PabloPH",,,,,,,,,,@24OrasGMA
12/6/12 0:09,PAGASA: Location: #PabloPH 400km west of Coron as of 4PM.,,,,,,,,,,@ANCAlerts
12/6/12 0:06,"NDRRMC tally: 332 dead, 411 injured, and 379 still missing in wake of #PabloPH. #NewsTVLive",,,,,,,,,,@gmanews
10/16/13 23:58,"Samantala, ilang bahagi ng Nueva Ecija, brownout pa rin dahil sa pinsalang dulot ng Bagyong #SantiPH",,,,,,,,,,@GMA_BP
10/16/13 13:19,DEPED: #walangpasok sa lahat ng antas sa buong Nueva Ecija hanggang Oct. 18 dahil sa pinsalang iniwan ng bagyong #SantiPH,,,,,,,,,,@ukgdos
10/16/13 2:27,"Senado, magbibigay ng P6-M sa mga biktima ng #earthquakePH, Bagyong #SantiPH at #ZamboCrisis. | via @nimfaravelo",,,,,,,,,,@dzbb
10/15/13 4:00,"#KapusongTotoo: Nakapaghandog po tayo ng tulong sa 1,000 pamilyang nasalanta ng Bagyong #SantiPH sa bayan ng Dingalan sa Aurora.",,,,,,,,,,@24OrasGMA
10/14/13 23:01,"VIDEO: Bagyong #SantiPH, nakalabas na ng PAR pero nag-iwan ng matinding pinsala http://gmane.ws/19JR1rX  | Ulat ni @raffytima.",,,,,,,,,,@stateofdnation
10/14/13 15:35,Halaga ng napinsalang palay sa pananalasa ng bagyong #SantiPH umabot na sa P2-B. #SuperBalitasaUmagaNationwide,,,,,,,,,,@dzbb
10/14/13 13:23,"#UKG BALITA: Buong lalawigan ng Aurora, wala pa ring kuryente dahil sa pananalasa ng bagyong #SantiPH",,,,,,,,,,@ukgdos
10/14/13 7:29,"Nueva Ecija, isinailalim sa state of calamity dahil sa pinsala ng Bagyong #SantiPH; San Miguel, Bulacan, nasa state of calamity na rin",,,,,,,,,,@saksi
10/14/13 7:33,"Lima ang nasawi sa buong lalawigan ng Nueva Ecija, na nasa state of calamity na ngayon.",,,,,,,,,,@saksi
10/14/13 7:34,"Dahil din sa Bagyong #Santi kaya nagbagsakan sa mga bahay ang ilang mga puno sa Iba, Zambales.",,,,,,,,,,@saksi
10/14/13 5:16,"Matapos ang bagyong #SantiPH, isa namang bagong bagyo ang pumasok sa PAR, ang bagyong Tino. May ulat-panahon si @mang_tani ng @GMAWeather.",,,,,,,,,,@stateofdnation
10/14/13 5:18,"Base sa track ng @dost_pagasa at Weather Central, dadaan lang sa dulo ng PAR ang bagyong #TinoPH at hindi nakikitang tatama sa kalupaan.",,,,,,,,,,@stateofdnation
10/14/13 5:12,"Ilang bahay sa San Miguel, Bulacan, gumuho dahil sa hagupit ng bagyong #SantiPH.",,,,,,,,,,@stateofdnation
10/14/13 5:15,"Ayon sa PDRRMC, sa Nueva Ecija, umabot sa P3-B ang natamong pinsala sa agrikultura. Habang P300-M naman ang sa mga imprastraktura.",,,,,,,,,,@stateofdnation
10/14/13 3:05,"Matinding baha, naranasan sa Aurora kung saan nag-landfall ang Bagyong #SantiPH. Nakatutok si @Tricia_Zafra.",,,,,,,,,,@24OrasGMA
10/14/13 3:06,"Sa Isabela, umapaw ang Cagayan River kaya't hindi na madaanan ang isang tulay na nagdurugtong sa Santa Maria at Cabagan.",,,,,,,,,,@24OrasGMA
10/14/13 1:43,"Lalawigan ng Nueva Ecija, inihihingi ng agarang tulong matapos tamaan ng Bagyong #SantiPH. | via @wengsalvacion",,,,,,,,,,@dzbb
10/13/13 23:45,"NDRRMC: Mahigit 150,000 pamilya ang apektado sa pananalasa ng Bagyong #SantiPH. Makibalita tayo kay @Tricia_Zafra.",,,,,,,,,,@GMA_BP
10/13/13 23:22,"Aerial operations sa Catanduanes, isinasagawa para sa ilang nawawalang mangingisda dahil sa pananalasa ng Bagyong #SantiPH | @mamutuesdayniu",,,,,,,,,,@dzbb
10/13/13 20:07,"Pinsala sa agrikultura ng bagyong #SantiPH, pumalo sa mahigit P3-B. #SuperBalitasaTanghaliNationwide",,,,,,,,,,@dzbb
10/13/13 20:24,"Lalaki, patay matapos madaganan ng puno nang humagupit ang Bagyong #SantiPH sa Zambales. May #UlatOnTheSpot si @victoriatulad, EXCLUSIVE.",,,,,,,,,,@Balitanghali11
10/12/13 21:58,@MMDA tumulong na sa pagaalis ng mga nabuwal na puno sa Nueva Ecija #SantiPH http://instagram.com/p/fZXtccp_py/  | via @junyeeloyola,,,,,,,,,,@news5AKSYON
10/12/13 20:23,"EXCLUSIVE: Dinalungan, Aurora, na-isolate dahil sa nagbagsakang mga poste, puno at rumaragasang baha dulot ng Bagyong #SantiPH @dantegmanews",,,,,,,,,,@Balitanghali11
10/12/13 20:15,"Bagyong #SantiPH: 3 patay, 5 sugatan, 3 nawawala. 46,295 pamilya ang apektado sa 16 probinsya sa Luzon ",,,,,,,,,,@IMReadyPH
10/12/13 18:26,"TY #SantiPH, nakalabas na ng PAR, ayon sa @dost_pagasa. Mula kagabi, wala nang nakataas na public storm warning signals sa bansa #NewsTVLive",,,,,,,,,,@IMReadyPH
10/12/13 15:34,"#SantiPH, palabas na ng PAR ngayong umaga; panibagong bagyo, inaasahang papasok bukas",,,,,,,,,,@DZMMTeleRadyo
10/12/13 7:05,Mahigit 2 Million katao naapektuhan ni bagyong #SantiPH,,,,,,,,,,@BomboRadyoNews
10/12/13 6:47,"Generator sets, ipinadala sa mga nawalan ng supply ng koryente - DSWD #SantiPH",,,,,,,,,,@BomboRadyoNews
10/12/13 2:56,"#SantiPH, bumagal habang nasa West PH Sea; signal no. 1, nakataas pa rin sa 2 lugar http://bit.ly/19sDKC7  http://fb.me/2ViK4VpFu ",,,,,,,,,,@DZMMTeleRadyo
10/12/13 2:40,"NDRRMC: Patay sa hagupit ng Bagyong #SantiPH, 12 na; 3 nawawala http://bit.ly/17wH6B3  http://fb.me/MoSHdn5F ",,,,,,,,,,@DZMMTeleRadyo
10/11/13 21:48,"Heavy Rainfall Warning No. 10 (FINAL) Weather System: Typhoon Š—“#SantiPHŠ— Issued at: 2:00 PM, 12 October 2013... http://fb.me/26kMfZA3k ",,,,,,,,,,@dost_pagasa
10/11/13 20:01,"#SantiPH, nasa West PH Sea na; signal no. 1, nakataas na lang sa Zambales at Bataan http://bit.ly/1fr8Vnw  http://fb.me/3lJtDmhkt ",,,,,,,,,,@DZMMTeleRadyo
10/11/13 19:13,"NDRRMC: 3 patay, 4 nawawala sa pananalasa ng Bagyong #SantiPH | via @glenjuego @dzbb",,,,,,,,,,@gmanews
10/11/13 17:58,"Typhoon Santi, humina; storm signals, nakataas pa rin sa 21 lugar http://bit.ly/166iwaK  #SantiPH",,,,,,,,,,@TVPatrol
10/11/13 17:56,"#SantiPH Update: Sa huling taya ng Dost_pagasa, nasa 60 kilometers West of Iba, Zambales ang mata ng Bagyong... http://fb.me/2z5rpOVEk ",,,,,,,,,,@IMReadyPH
10/11/13 17:43,"#SantiPH Storm Warning Signals Update: Signal No. 1 naman sa Metro Manila, Ilocos Sur, Mountain Province, Ifugao,... http://fb.me/2yzreo7rW ",,,,,,,,,,@IMReadyPH
10/11/13 16:46,"Yellow Rainfall Advisory: Metro Manila, Laguna, Cavite, Batangas, Northern Quezon, Bulacan, Pampanga, Tarlac, Bataan & Zambales #SantiPH,",,,,,,,,,,@dzIQ990
6/8/16 0:54,#EarthquakePH #EarthquakeNegrosOccidental Earthquake Information No. 1 Date and Time: 18 June 2016 04:40 PM... http://fb.me/4f9lEIVYS ,,,,,,,,,,@phivolcs_dost
8/13/16 6:31,"JUST IN: Niyanig ng 5.0 magnitude na lindol ang Biliran, ayon sa @phivolcs_dost.",,,,,,,,,,@gmanewsbreaking
8/13/16 6:30,"JUST IN: Magnitude 5 na lindol naganap sa North East ng Culaba, Biliran kaninang pasado 10pm. | via @Dennis_Datu",,,,,,,,,,@ABSCBNNews
8/10/16 14:47,"Sarangani, Davao Occidental niyanig ng mag 4 na lindol kaninang 5:52 ng umaga | @phivolcs_dost",,,,,,,,,,@dzIQ990
8/6/16 3:21,"Magnitude 5.4 na lindol naitala sa 15km NE ng Gensan, 5:08pm Sabado; intensity 4 na pagyanig, naramdaman  |@dzmmRP45",,,,,,,,,,@DZMMTeleRadyo
7/29/16 20:38,"Niyanig ng magnitude 7.7 na lindol ang eastern Pacific Ocean kaninang 5 AM, oras sa Pilipinas.",,,,,,,,,,@Balitanghali11
7/29/16 20:13,"Northern Marianas, niyanig ng magnitude 7.7 na lindol! #SuperBalitaSaTanghaliSabado",,,,,,,,,,@dzbb
7/27/16 20:24,"#RadyoPatrol Ormoc City, niyanig ng magnitude 5.2 na lindol",,,,,,,,,,@DZMMTeleRadyo
7/27/16 20:21,"Magnitude 5.2 lindol, tumama sa Ormoc City | Balitaan live http://cnn.ph/1LXc9jG ",,,,,,,,,,@cnnphilippines
7/26/16 19:48,"Magnitude 4.7 na lindol, yumanig sa Surigao Del Norte - DZIQ Radyo Inquirer 990AM https://shar.es/1ZpnSa  | @jay_dones",,,,,,,,,,@dzIQ990
8/14/16 15:06,".@dost_pagasa: (As of 7AM) Mahina hanggang katamtamang pag-ulan, nararanasan sa Cavite, Batangas, Rizal",,,,,,,,,,@DZMMTeleRadyo
8/14/16 15:04,".@dost_pagasa: (As of 7AM) Yellow rainfall warning, nakataas sa Zambales at Bataan.",,,,,,,,,,@DZMMTeleRadyo
8/14/16 14:16,"(2/2) 2,400 km East Northeast ng extreme Northern Luzon na nagpapalakas ng ating habagat.",,,,,,,,,,@DZMMTeleRadyo
8/13/16 22:05,NDRRMC: 5 patay sa hagupit ng habagat http://bit.ly/2beWZcT ,,,,,,,,,,@DZMMTeleRadyo
8/13/16 20:05,#RadyoPatrol NDRRMC: 4 patay sa pag-ulan sa Metro Manila,,,,,,,,,,@DZMMTeleRadyo
8/13/16 15:15,TINGNAN: Abot sa bangketa ang baha sa ilalim ng LRT-1 UN Ave Station sa Maynila | @zhandercayabyab #WeatherPatrol,,,,,,,,,,@DZMMTeleRadyo
8/13/16 15:13,TINGNAN: Abot sa bangketa ang baha sa ilalim ng LRT-1 UN Ave Station sa Maynila | @zhandercayabyab #WeatherPatrol,,,,,,,,,,@DZMMTeleRadyo
8/13/16 15:10,"TINGNAN: Lagpas-bangketa ang baha sa P. Burgos, tapat ng Manila City Hall #WeatherPatrol | via @zhandercayabyab",,,,,,,,,,@DZMMTeleRadyo
8/13/16 14:50,"TINGNAN: Gutter deep ang baha sa R.Papa cor. Rizal Ave sa Tondo, Maynila | via @zhandercayabyab #WeatherPatrol",,,,,,,,,,@DZMMTeleRadyo
8/13/16 6:34,"Magnitude 5 na lindol naganap sa North East ng Culaba, Biliran kaninang pasado 10PM | via @Dennis_Datu",,,,,,,,,,@DZMMTeleRadyo
8/13/16 6:29,"Intensity 5 na pagyanig, naramdaman sa Naval, Biliran | Ulat ni @dzmmRP45",,,,,,,,,,@DZMMTeleRadyo
8/13/16 6:18,"QC DRRMO: 1 patay, higit 3,500 lumikas sa lungsod ng Quezon dahil sa mga pagbaha bunsod ng habagat | via @dzmmRP45",,,,,,,,,,@DZMMTeleRadyo
8/13/16 12:45,Gutter deep ang baha sa ilalim ng LRT-2 Pureza Station sa Maynila #WeatherPatrol | via @zhandercayabyab,,,,,,,,,,@DZMMTeleRadyo
8/12/16 20:05,#RadyoPatrol PAGASA: Luzon at Visayas uulanin pa rin sa susunod na 5 araw,,,,,,,,,,@DZMMTeleRadyo
8/12/16 19:58,"PAGASA: Yellow Warning: The rest of Metro Manila, Rizal, N. Ecija, Bataan, Tarlac",,,,,,,,,,@ABSCBNNews
8/12/16 17:12,"Yellow Warning nakataas rin sa Metro Manila, Rizal, Nueva Ecija, Bataan, Tarlac #WeatherPatrol",,,,,,,,,,@DZMMTeleRadyo
8/12/16 17:12,"(As of 9AM), PAGASA itinaas ang Orange Warning Zambales, Pampanga, Bulacan. #WeatherPatrol",,,,,,,,,,@DZMMTeleRadyo
8/12/16 14:56,TINGNAN: Lagpas bangketa ang baha sa P.Burgos (SBound) tapat ng Manila City Hall #WeatherPatrol | @zhandercayabyab,,,,,,,,,,@DZMMTeleRadyo
8/12/16 9:03,".@dost_pagasa: (As of 1AM) Yellow rainfall warning, nakataas sa Zambales, Bataan, Tarlac, Bulacan, at Pampanga.",,,,,,,,,,@DZMMTeleRadyo
8/12/16 9:01,".@dost_pagasa: (As of 1AM) Orange rainfall warning, nakataas sa Metro Manila, Batangas, Cavite, at Rizal.",,,,,,,,,,@DZMMTeleRadyo
8/11/16 21:41,".@dost_pagasa: Yellow rainfall warning, nakataas sa Metro Manila, Pampanga, Bulacan, Cavite, at Rizal.",,,,,,,,,,@DZMMTeleRadyo
8/11/16 21:41,".@dost_pagasa: (As of 1PM) Orange rainfall warning, nakataas sa Bataan at Zambales.",,,,,,,,,,@DZMMTeleRadyo
8/11/16 18:11,".@dost_pagasa: (As of 10AM) Thunderstorm, maaaring mamuo sa Northern Mindanao at Davao Region sa loob ng 12 oras.",,,,,,,,,,@DZMMTeleRadyo
8/11/16 18:11,".@dost_pagasa: (As of 10AM) Thunderstorm, maaaring mamuo sa Metro Cebu sa loob ng 12 oras.",,,,,,,,,,@DZMMTeleRadyo
8/13/16 8:30,"#EarthquakePH | 23 min.ago #earthquake 5.0 has hit Leyte (Eastern Visayas), Philippines, 10.0km, 10:05 PM",,,,,,,,,,@philredcross
8/1/16 3:20,#IMReady: Lumabas na ng PAR kaninang umaga ang bagyong #CarinaPH.,,,,,,,,,,@IMReadyPH
7/31/16 19:34,"11AM: Nasa 330km NW ng Laoag, Ilocos Norte ang #CarinaPH. Nasa labas na po 'yan ng PAR - @dost_pagasa",,,,,,,,,,@IMReadyPH
7/31/16 13:39,"PAGASA (5 AM): Tropical Cyclone Warning Signal 1: Benguet, Ifugao, La Union and Pangasinan.",,,,,,,,,,@gmanewsbreaking
7/31/16 13:42,"Tropical Cyclone Warning Signal no. 2: Ilocos Norte, Apayao, Abra, & Northern part of Cagayan including Babuyan Group of Islands #CarinaPH",,,,,,,,,,@ABSCBNNews
7/31/16 13:43,"Tropical Cyclone Warning Signal no. 1: Ilocos Sur, Batanes Group of Islands, Rest of Cagayan, Isabela, Kalinga... #CarinaPH",,,,,,,,,,@ABSCBNNews
7/31/16 13:37,"(1/2) #CarinaPH signal no. 1: Ilocos Sur, Batanes Group of Islands, Rest of Cagayan, Isabela, Kalinga | via @dost_pagasa",,,,,,,,,,@cnnphilippines
7/31/16 13:36,"#CarinaPH signal no. 2: Ilocos Norte, Apayao. Abra and Northern part of Cagayan including Babuyan Group of Islands | via @dost_pagasa",,,,,,,,,,@cnnphilippines
7/31/16 7:26,Taglay ng bagyong #CarinaPH ang lakas ng hanging aabot sa 100 kph malapit sa gitna at pagbugsong aabot sa 130 kph.,,,,,,,,,,@dzbb
7/31/16 7:26,"As of 10 PM: Namataan ang sentro ng bagyo sa layong 85 km, kanluran hilagang-kanluran ng Aparri, Cagayan.",,,,,,,,,,@dzbb
7/31/16 7:14,"TCWS #1 : Batanes Group of Island, La Union, Pangasinan, Benguet, Ifugao, Mt. Province, Nueva Vizcaya, and Isabela #CarinaPH",,,,,,,,,,@dost_pagasa
3/22/16 23:24,#EarthquakePH Information No. 1 23 Mar 2016 - 02:59 PM Location: Marihatag (Surigao Del Sur) Magnitude: 3.1,,,,,,,,,,@philredcross
3/22/16 5:39,#EarthquakePH Information No.1 22Mar-09:16PM Location:San Julian (Eastern Samar) Magnitude: 2.6 |via @phivolcs_dost,,,,,,,,,,@philredcross
3/16/16 4:05,#EarthquakePH Information No. 1 16Mar-07:39pm Magnitude: 3.4 Location: San Esteban (Ilocos Sur) | via @phivolcs_dost,,,,,,,,,,@philredcross
3/12/16 21:14,#EarthquakePH Information No. 1 13Mar-01:51PM Magnitude:4.7 Location: Paracle (Camarines Norte) | via @phivolcs_dost,,,,,,,,,,@philredcross
3/5/16 22:24,#EarthquakePH Information No. 1 Magnitude: 2.2 Location: Mamburao (Occidental Mindoro) | via @phivolcs_dost,,,,,,,,,,@philredcross
8/14/16 20:19,"5 tao, nasawi sa mga pagbaha bunsod ng hagupit ng Habagat sa malaking bahagi ng Luzon. #SuperBalitaSaTanghaliNationwide",,,,,,,,,,@dzbb
8/14/16 19:35,"FLASH: Magnitude 4.0 na lindol, tumama sa Burdeos, Quezon kaninang 10:50 a.m., ayon kay Dr. Renato Solidum, Jr.",,,,,,,,,,@dzbb
8/14/16 18:39,"JUST IN: Yellow rainfall warning, nakataas sa Zambales at Bataan, ayon sa @dost_pagasa.",,,,,,,,,,@dzbb
8/14/16 18:09,"LIST: Klase sa mga paaralan sa Metro Manila atbp. mga lalawigan, #WalangPasok dahil sa Habagat (as of 10:00 am)",,,,,,,,,,@dzbb
8/13/16 1:13,"PAGASA: Within 5 days, maulan pa rin po dahil sa habagat. Walang tigil. Matagal-tagal pa tayong magtitiis.",,,,,,,,,,@rapplerdotcom
8/5/16 5:45,"Habagat na magpapaulan ngayong weekend, palalakasin ng 2 sirkulasyon",,,,,,,,,,@24OrasGMA
8/2/16 20:00,"#IMReady: Mga Kapuso, unti-unting lumalayo sa bansa ang habagat. Naaapektuhan na lamang nito ang kanlurang bahagi ng Luzon, ayon sa PAGASA.",,,,,,,,,,@Balitanghali11
8/2/16 6:38,GMA Weather: Habagat ang umiiral ngayon sa western section ng #Luzon at #Visayas.,,,,,,,,,,@PanahonNgayon
8/1/16 18:54,"Sa ngayon, walang bagyo sa PAR. Pero ang bagyong Nida (int'l name) na nasa may China, pinalalakas pa rin ng habagat.",,,,,,,,,,@IMReadyPH
8/1/16 17:39,#IMReady: Malakas ang Habagat ngayon na magpapaulan sa buong Luzon at Western Visayas. Epekto pa rin iyan ng nagdaang Bagyong #CarinaPH.,,,,,,,,,,@newstogoGNTV
8/14/16 0:41,"lang lugar sa Luzon at Metro Manila, lubog pa rin sa baha! Ang mga malalaking balita, mamaya sa #24OrasWeekend!",,,,,,,,,,@24OrasGMA
8/12/16 23:44,"Aug. 13- Abot binti pa rin ang baha sa Fugoroso St., cor Oroquieta St., Sta. Cruz, Manila | Bayan Patroller M. Ru’±ez",,,,,,,,,,@bayanmo
8/12/16 23:06,Matinding traffic nararanasan sa tapat ng Manila City Hall dahil sa gutter deep na pag baha sa lugar | @RayaCapulong,,,,,,,,,,@DZMMTeleRadyo
8/12/16 9:22,"Ilang bahagi ng Rizal Avenue, Manila, lubog pa rin sa baha | via @luisitosantos03",,,,,,,,,,@gmanewsbreaking
8/14/16 15:24,"Mga bahay at tindahan ang winasak ng dumaang buhawi sa Sampaloc, Manila | via @GarryDeLeon",,,,,,,,,,@News5AKSYON
8/14/16 4:22,Yu: Nagsimula ang buhawi sa Sampaloc area up to Quiapo up to Baseco area,,,,,,,,,,@DZMMTeleRadyo
8/14/16 4:23,Yu: More or less nasa 100 na bahay ang naapektuhan ng buhawi sa Maynila,,,,,,,,,,@DZMMTeleRadyo
8/14/16 2:46,Isang buhawi ang nanalasa sa ilang bahagi ng Maynila nitong Linggo ng hapon.,,,,,,,,,,@gmanews
8/14/16 20:07,"Kanya-kanyang kumpuni ng bahay ang mga taga-Baseco,Manila mataposn tamaan ng buhawi | via @Dennis_Datu",,,,,,,,,,@DZMMTeleRadyo
8/14/16 6:15,"TINGNAN: Mga nagbagsakang debris & sanga ng puno dahil sa buhawi, nagkalat sa Lacson Ave, Manila  | @hajjikaamino21",,,,,,,,,,@DZMMTeleRadyo
8/14/16 2:21,"Isang buhawi ang namataan sa ilang bahagi ng Manila, ayon kay YouScooper @KarenDaphne",,,,,,,,,,@YouScoop
8/1/16 21:14,Buhawi tumama sa Batac,,,,,,,,,,@manila_buletin
5/30/16 5:07,Ilang lugar sa Mindanao ang sinalanta ng buhawi kasabay ng biglaan at malakas na buhos ng ulan. Inulan din ang Metro Manila ngayong araw.,,,,,,,,,,@stateofdnation
8/14/16 5:01,Lubog pa rin sa baha ang ilang lugar sa Pampanga at Bataan dahil sa pag-ulang dulot ng habagat.,,,,,,,,,,@gmanews
8/13/16 1:31,14 na barangay sa Pampanga ang lubog sa baha dahil sa patuloy na pag-ulan.,,,,,,,,,,@gmanews
8/12/16 23:57,"Taft Avenue-UN Avenue, baha pa rin dahil sa patuloy na pag-ulan. | via @VargasMannysen @dzbb",,,,,,,,,,@gmanewsbreaking
8/12/16 22:50,"TINGNAN: Baha sa San Fransisco del Monte QC, West Riverside #WeatherPatrol | via @julieannking",,,,,,,,,,@DZMMTeleRadyo
8/12/16 21:01,Inilikas ang nasa 41 residente na nakatira sa gilid ng ilog sa QC dahil sa baha dulot ng patuloy na pag-ulan.,,,,,,,,,,@gmanews
8/12/16 20:24,"Agosto 13, Sabado- Gutter-deep ang baha sa Sitio Dalisdis. Brgy. Camuning, Mexico, Pampanga | Kuha ni Emman Dayrit",,,,,,,,,,@bayanmo
8/12/16 20:00,"Hanggang bewang ang baha sa Olongapo Gapan Rd- Dolores, San Fernando, Pampanga, Agosto 13-Sabado.",,,,,,,,,,@bayanmo
8/12/16 15:13,"Malaking bahagi ng Taft Ave sa Maynila ang malinis, walang baha at traffic #WeatherPatrol | via @zhandercayabyab",,,,,,,,,,@DZMMTeleRadyo
8/12/16 14:55,TINGNAN: May kaunting baha sa ilalim ng LRT-1 Quirino Station sa Maynila | via @zhandercayabyab,,,,,,,,,,@DZMMTeleRadyo
8/10/16 14:03,TINGNAN: Baha sa tapat ng Manila City Hall sa may P. Burgos bago mag-Lagusnilad | via @Dennis_Datu #WeatherPatrol,,,,,,,,,,@DZMMTeleRadyo
8/8/16 18:17,"LOOK: Abot-gutter na baha sa Michael st., Kingsville Executive Village, Antipolo, Rizal #WeatherPatrol @ABSCBNNews",,,,,,,,,,@bayanmo
8/14/16 18:40,Buhawi nanalasa rin sa QC; residente muntik nang matangay,,,,,,,,,,@ABSCBNNews
8/14/16 18:19,"TINGNAN: Ilan lamang sa mga naging pinsala ng buhawi sa Baseco, Maynila | via @Dennis_Datu",,,,,,,,,,@DZMMTeleRadyo
8/14/16 17:17,"Baseco, Maynila, pinakagrabeng tinamaan ng buhawi kahapon; mga residente, umaapela ng tulong | via @Dennis_Datu",,,,,,,,,,@DZMMTeleRadyo
8/14/16 15:18,"19 na pamilya sa Baseco Compound sa Maynila na naapektuhan ng buhawi kahapon, nananatili sa isang covered court. | via Carlo Mateo @dzbb",,,,,,,,,,@gmanewsbreaking
8/14/16 6:30,"2 sugatan, 100 bahay naapektuhan ng buhawi sa Maynila",,,,,,,,,,@ABSCBNNews
8/14/16 2:46,Isang buhawi ang nanalasa sa ilang bahagi ng Maynila nitong Linggo ng hapon.,,,,,,,,,,@gmanews
8/13/16 21:21,Lima na ang nasawi habang nasa 70K katao na ang inilikas sa Visayas dahil sa matinding pag-ulang dulot ng habagat.,,,,,,,,,,@gmanews
8/14/16 1:53,"5 tao patay, mahigit 70,000 inilikas dahil sa Habagat - DZIQ Radyo Inquirer 990AM",,,,,,,,,,@dzlQ990
8/13/16 20:09,#RadyoPatrol 413 pamilya inilikas sa Valenzuela,,,,,,,,,,@DZMMTeleRadyo
8/13/16 20:16,"Malonzo: Sa unang landslide, naapektuhan ang 4 bahay at 23 katao.",,,,,,,,,,@DZMMTeleRadyo
8/13/16 20:17,"Malonzo: Apektado ang 2 bahay sa pangalawang landslide sa San Mateo, Rizal. Walang naiulat na nasaktan.",,,,,,,,,,@DZMMTeleRadyo
8/13/16 20:08,#RadyoPatrol 80 pamilya inilikas dahil sa baha sa Malabon,,,,,,,,,,@DZMMTeleRadyo
8/13/16 20:06,#RadyoPatrol La Mesa Dam posibleng umapaw na kapag di pa tumigil ang ulan,,,,,,,,,,@DZMMTeleRadyo
8/13/16 6:01,"80 pamilya, inilikas sa San Mateo, Rizal https://shar.es/1ZREsZ  | @chonayu1",,,,,,,,,,@dzlQ990
8/13/16 2:57,"Pati ospital sa San Fernando City, Pampanga, pinasok na ng baha kaya inilikas ang ilang pasyente. Nakatutok si @triciazafragma7.",,,,,,,,,,@24OrasGMA
8/13/16 2:19,"1,141 pamilya mula sa 10 barangay sa San Mateo, Rizal, inilikas na dahil sa pagbaha - Rizal PDRRMO | via @Dennis_Datu",,,,,,,,,,@ABSCBNNews
8/13/16 2:18,#TVPatrol Inilikas ang mga residenteng nakatira malapit sa Tullahan River.,,,,,,,,,,@ABSCBNNews
8/13/16 1:46,"Bilang ng mga residenteng inilikas sa Marikina dahil sa tumataas na lebel ng tubig sa Marikina River, nasa 6,738 | via @dzbbsamnielsen @dzbb",,,,,,,,,,@gmanewsbreaking